,instance_id,input.text,references,predicted_text_0,stats.quasi_exact_match_0,predicted_text_1,stats.quasi_exact_match_1,predicted_text_2,stats.quasi_exact_match_2,predicted_text_3,stats.quasi_exact_match_3,predicted_text_4,stats.quasi_exact_match_4,predicted_text_5,stats.quasi_exact_match_5,predicted_text_6,stats.quasi_exact_match_6,predicted_text_7,stats.quasi_exact_match_7,predicted_text_8,stats.quasi_exact_match_8,predicted_text_9,stats.quasi_exact_match_9,predicted_text_10,stats.quasi_exact_match_10,predicted_text_11,stats.quasi_exact_match_11,predicted_text_12,stats.quasi_exact_match_12,predicted_text_13,stats.quasi_exact_match_13,predicted_text_14,stats.quasi_exact_match_14,predicted_text_15,stats.quasi_exact_match_15,predicted_text_16,stats.quasi_exact_match_16,predicted_text_17,stats.quasi_exact_match_17,predicted_text_18,stats.quasi_exact_match_18,predicted_text_19,stats.quasi_exact_match_19,predicted_text_20,stats.quasi_exact_match_20,predicted_text_21,stats.quasi_exact_match_21,predicted_text_22,stats.quasi_exact_match_22,predicted_text_23,stats.quasi_exact_match_23,predicted_text_24,stats.quasi_exact_match_24,predicted_text_25,stats.quasi_exact_match_25,predicted_text_26,stats.quasi_exact_match_26,predicted_text_27,stats.quasi_exact_match_27,predicted_text_28,stats.quasi_exact_match_28,predicted_text_29,stats.quasi_exact_match_29,std,agreement_level
35,id45,Statute: The person making payment may recover from any warrantor for breach of warranty an amount equal to the amount paid plus expenses and loss of interest resulting from the breach.,Yes (correct), Yes,1.0,Yes,1.0,Yes,1.0, Yes,1.0, Yes,1.0, Yes,1.0,Yes,1.0,Yes,1.0, Yes,1.0,Yes,1.0, Yes,1.0, Yes,1.0, Yes,1.0,Yes,1.0,Yes,1.0, Yes,1.0, Yes,1.0,Yes,1.0,Yes,1.0, Yes,1.0, Yes,1.0, Yes,1.0,Yes,1.0, Yes,1.0,Yes,1.0,Yes,1.0,Yes,1.0, Yes,1.0, Yes,1.0,Yes,1.0,0.0,High
18,id28,Statute: Any person who suffers harm pursuant to this section may recover his or her damages in a civil action against the offender.,Yes (correct), Yes,1.0,Yes,1.0,Yes,1.0, Yes,1.0, Yes,1.0, Yes,1.0,Yes,1.0,Yes,1.0, Yes,1.0,Yes,1.0, Yes,1.0, Yes,1.0, Yes,1.0,Yes,1.0,Yes,1.0, Yes,1.0, Yes,1.0,Yes,1.0,Yes,1.0, Yes,1.0, Yes,1.0, Yes,1.0,Yes,1.0, Yes,1.0,Yes,1.0,Yes,1.0,Yes,1.0, Yes,1.0, Yes,1.0,Yes,1.0,0.0,High
84,id9,Statute: A customer described in subsection (1) who suffers actual damages as a result of a violation of this act may bring a civil action against the person that violated this act.,Yes (correct), Yes,1.0,Yes,1.0,Yes,1.0, Yes,1.0, Yes,1.0, Yes,1.0,Yes,1.0,Yes,1.0, Yes,1.0,Yes,1.0, Yes,1.0, Yes,1.0, Yes,1.0,Yes,1.0,Yes,1.0, Yes,1.0, Yes,1.0,Yes,1.0,Yes,1.0, Yes,1.0, Yes,1.0, Yes,1.0,Yes,1.0, Yes,1.0,Yes,1.0,Yes,1.0,Yes,1.0, Yes,1.0, Yes,1.0,Yes,1.0,0.0,High
3,id13,Statute: A person may bring a civil action to enforce a claim under this subsection in an appropriate court of competent jurisdiction.,Yes (correct), Yes,1.0,Yes,1.0,Yes,1.0, Yes,1.0, Yes,1.0, Yes,1.0,Yes,1.0,Yes,1.0, Yes,1.0,Yes,1.0, Yes,1.0, Yes,1.0, Yes,1.0,Yes,1.0,Yes,1.0, Yes,1.0, Yes,1.0,Yes,1.0,Yes,1.0, Yes,1.0, Yes,1.0, Yes,1.0,Yes,1.0, Yes,1.0,Yes,1.0,Yes,1.0,Yes,1.0, Yes,1.0, Yes,1.0,Yes,1.0,0.0,High
4,id14,"Statute: A person to whom warranties are made under this Section and who took the item in good faith may recover from the warrantor as damages for breach of warranty an amount equal to the loss suffered as a result of the breach, plus expenses and loss of interest incurred as a result of the breach.",Yes (correct), Yes,1.0,Yes,1.0,Yes,1.0, Yes,1.0, Yes,1.0, Yes,1.0,Yes,1.0,Yes,1.0, Yes,1.0,Yes,1.0, Yes,1.0, Yes,1.0, Yes,1.0,Yes,1.0,Yes,1.0, Yes,1.0, Yes,1.0,Yes,1.0,Yes,1.0, Yes,1.0, Yes,1.0, Yes,1.0,Yes,1.0, Yes,1.0,Yes,1.0,Yes,1.0,Yes,1.0, Yes,1.0, Yes,1.0,Yes,1.0,0.0,High
34,id44,Statute: The owner of any real property designated as a benefited property in the instrument creating the environmental control easement or the occupant of the benefited real property may maintain an action for enforcement of the easement.,Yes (correct), Yes,1.0,Yes,1.0,Yes,1.0, Yes,1.0, Yes,1.0, Yes,1.0,Yes,1.0,Yes,1.0, Yes,1.0,Yes,1.0, Yes,1.0, Yes,1.0, Yes,1.0,Yes,1.0,Yes,1.0, Yes,1.0, Yes,1.0,Yes,1.0,Yes,1.0, Yes,1.0, Yes,1.0, Yes,1.0,Yes,1.0, Yes,1.0,Yes,1.0,Yes,1.0,Yes,1.0, Yes,1.0, Yes,1.0,Yes,1.0,0.0,High
42,id51,Statute: You have the right to bring a civil action against someone whoviolates your rights under the credit reporting laws. The action can be broughtagainst a consumer-reporting agency.,Yes (correct), Yes,1.0,Yes,1.0,Yes,1.0, Yes,1.0, Yes,1.0, Yes,1.0,Yes,1.0,Yes,1.0, Yes,1.0,Yes,1.0, Yes,1.0, Yes,1.0, Yes,1.0,Yes,1.0,Yes,1.0, Yes,1.0, Yes,1.0,Yes,1.0,Yes,1.0, Yes,1.0, Yes,1.0, Yes,1.0,Yes,1.0, Yes,1.0,Yes,1.0,Yes,1.0,Yes,1.0, Yes,1.0, Yes,1.0,Yes,1.0,0.0,High
16,id26,"Statute: Any person who is a victim of human trafficking may bring a civil action against any person who caused, was responsible for or profited from the human trafficking.",Yes (correct), Yes,1.0,Yes,1.0,Yes,1.0, Yes,1.0, Yes,1.0, Yes,1.0,Yes,1.0,Yes,1.0, Yes,1.0,Yes,1.0, Yes,1.0, Yes ,1.0, Yes,1.0,Yes,1.0,Yes,1.0, Yes,1.0, Yes,1.0,Yes,1.0,Yes,1.0, Yes,1.0, Yes,1.0, Yes,1.0,Yes,1.0, Yes,1.0,Yes,1.0,Yes,1.0,Yes,1.0, Yes,1.0, Yes,1.0,Yes,1.0,0.0,High
9,id19,"Statute: A service contract holder may bring an action in a court of competent jurisdiction for damages, injunctive relief, restitution, or other appropriate relief for a threatened or existing violation relating to the motor vehicle service contract.",Yes (correct), Yes,1.0,Yes,1.0,Yes,1.0, Yes,1.0, Yes,1.0, Yes,1.0,Yes,1.0,Yes,1.0, Yes,1.0,Yes,1.0, Yes,1.0, Yes,1.0, Yes,1.0,Yes,1.0,Yes,1.0, Yes,1.0, Yes,1.0,Yes,1.0,Yes,1.0, Yes,1.0, Yes,1.0, Yes,1.0,Yes,1.0, Yes,1.0,Yes,1.0,Yes,1.0,Yes,1.0, Yes,1.0, Yes,1.0,Yes,1.0,0.0,High
68,id75,Statute: The term of office of each elective village officer shall commence at the start of the official year following his election.,No (correct), No,1.0,No,1.0,No,1.0, No,1.0, No,1.0, Yes,0.0,No,1.0,No,1.0, No,1.0,No,1.0, No,1.0, No,1.0, No,1.0,No,1.0,No,1.0, No,1.0, No,1.0,No,1.0,No,1.0, No,1.0, No,1.0, No,1.0,No,1.0, No,1.0,No,1.0,No,1.0,No,1.0, No,1.0, No,1.0,No,1.0,0.18257418583505525,Medium
64,id71,Statute: The commissioner shall determine whether such barriers or burdens have or may ultimately have an adverse impact upon New York producers or dealers generally and determine whether the public interest would be served by their elimination.,No (correct), No,1.0,No,1.0,No,1.0, No,1.0, No,1.0, Yes,0.0,No,1.0,No,1.0, No,1.0,No,1.0, No,1.0, No,1.0, No,1.0,No,1.0,No,1.0, No,1.0, No,1.0,No,1.0,No,1.0, No,1.0, No,1.0, No,1.0,No,1.0, No,1.0,No,1.0,No,1.0,No,1.0, No,1.0, No,1.0,No,1.0,0.18257418583505525,Medium
58,id66,Statute: The application shall be completed upon the sworn oath of the applicant as provided in paragraph 5 of Section 1290.12 of this title. The application form shall be provided by the Oklahoma State Bureau of Investigation and shall contain information deemed relevant by the Bureau.,No (correct), No,1.0,No,1.0,No,1.0, No,1.0, No,1.0, Yes,0.0,No,1.0,No,1.0, No,1.0,No,1.0, No,1.0, No,1.0, No,1.0,No,1.0,No,1.0, No,1.0, No,1.0,No,1.0,No,1.0, No,1.0, No,1.0, No,1.0,No,1.0, No,1.0,No,1.0,No,1.0,No,1.0, No,1.0, No,1.0,No,1.0,0.18257418583505525,Medium
59,id67,Statute: A law enforcement officer effecting the arrest of a person without a warrant shall promptly complete an affidavit of probable cause supporting the arrest of the person and submit it to a magistrate.,No (correct), No,1.0,No,1.0,No,1.0, No,1.0, No,1.0, Yes,0.0,No,1.0,No,1.0, No,1.0,No,1.0, No,1.0, No,1.0, No,1.0,No,1.0,No,1.0, No,1.0, No,1.0,No,1.0,No,1.0, No,1.0, No,1.0, No,1.0,No,1.0, No,1.0,No,1.0,No,1.0,No,1.0, No,1.0, No,1.0,No,1.0,0.18257418583505525,Medium
70,id77,"Statute: Neither the state of Louisiana, its officers, employees, agents, contractors, nor the office of children and familyservices, child support enforcement section of the Department of Children andFamily Services shall be liable to compensate any person for child support paid or any other costs as a result of the revocation of any authentic act of acknowledgment or the annulment of any judgment of paternity or support in accordance with this Section.",No (correct), No,1.0,No,1.0,No,1.0, No,1.0, No,1.0, No,1.0,No,1.0,No,1.0, Yes,0.0,No,1.0, No,1.0, No ,1.0, No,1.0,No,1.0,No,1.0, No,1.0, No,1.0,No,1.0,No,1.0, No,1.0, No,1.0, No,1.0,No,1.0, No,1.0,No,1.0,No,1.0,No,1.0, No,1.0, No,1.0,No,1.0,0.18257418583505527,Medium
19,id29,Statute: Every partner who shall be guilty of any fraud in the affairs or business of the partnership shall be liable civilly to the party injured to the extent of his damage.,Yes (correct), Yes,1.0,Yes,1.0,Yes,1.0, Yes,1.0, Yes,1.0, Yes,1.0,Yes,1.0,Yes,1.0, Yes,1.0,Yes,1.0, Yes,1.0, Yes,1.0, Yes,1.0,Yes,1.0,Yes,1.0, No,0.0, Yes,1.0,Yes,1.0,Yes,1.0, Yes,1.0, Yes,1.0, Yes,1.0,Yes,1.0, Yes,1.0,Yes,1.0,Yes,1.0,Yes,1.0, Yes,1.0, Yes,1.0,Yes,1.0,0.1825741858350553,Medium
33,id43,Statute: A private cause of action shall be available to any victim of a violation of this subchapter.,Yes (correct), Yes,1.0,Yes,1.0,Yes,1.0, Yes,1.0, Yes,1.0, Yes,1.0,Yes,1.0,Yes,1.0, Yes,1.0,Yes,1.0, Yes,1.0, Yes,1.0, Yes,1.0,Yes,1.0,Yes,1.0, Yes,1.0, Yes,1.0,Yes,1.0,Yes,1.0, No,0.0, Yes,1.0, Yes,1.0,Yes,1.0, Yes,1.0,Yes,1.0,Yes,1.0,Yes,1.0, Yes,1.0, Yes,1.0,Yes,1.0,0.1825741858350553,Medium
73,id8,Statute: A custodian of a will who fails to comply with the requirements of this section shall be liable for all damages sustained by any person injured by the failure.,Yes (correct), Yes,1.0,Yes,1.0,Yes,1.0, Yes,1.0, Yes,1.0, Yes,1.0,Yes,1.0,Yes,1.0, Yes,1.0,Yes,1.0, Yes,1.0, Yes,1.0, Yes,1.0,Yes,1.0,Yes,1.0, Yes,1.0, Yes,1.0,Yes,1.0,Yes,1.0, No,0.0, Yes,1.0, Yes,1.0,Yes,1.0, Yes,1.0,Yes,1.0,Yes,1.0,Yes,1.0, Yes,1.0, Yes,1.0,Yes,1.0,0.1825741858350553,Medium
28,id38,"Statute: No employer may discharge any employee by reason of the fact that earnings have been subjected to garnishment or execution. If an employer discharges an employee in violation of this section, the employee may within ninety days of discharge bring a civil action for recovery of twice the wages lost as a result of the violation and for an order requiring reinstatement.",Yes (correct), Yes,1.0,Yes,1.0,Yes,1.0, Yes,1.0, Yes,1.0, Yes,1.0,Yes,1.0,Yes,1.0, Yes,1.0,Yes,1.0, Yes,1.0, Yes,1.0, Yes,1.0,Yes,1.0,Yes,1.0, Yes,1.0, Yes,1.0,Yes,1.0,Yes,1.0, No,0.0, Yes,1.0, Yes,1.0,Yes,1.0, Yes,1.0,Yes,1.0,Yes,1.0,Yes,1.0, Yes,1.0, Yes,1.0,Yes,1.0,0.1825741858350553,Medium
38,id48,"Statute: Upon a violation of any provision of this act, an aggrieved person may, in addition to any other available remedy, institute civil action in a court of competent jurisdiction, within one year from the date of the alleged violation, for relief.",Yes (correct), Yes,1.0,Yes,1.0,Yes,1.0, Yes,1.0, Yes,1.0, Yes,1.0,Yes,1.0,Yes,1.0, Yes,1.0,Yes,1.0, Yes,1.0, Yes,1.0, Yes,1.0,Yes,1.0,Yes,1.0, Yes,1.0, Yes,1.0,Yes,1.0,Yes,1.0, No,0.0, Yes,1.0, Yes,1.0,Yes,1.0, Yes,1.0,Yes,1.0,Yes,1.0,Yes,1.0, Yes,1.0, Yes,1.0,Yes,1.0,0.1825741858350553,Medium
5,id15,Statute: A person who suffers damages as a result of a violation of this section may recover those damages together with reasonable attorney's fees in a civil action under this section.,Yes (correct), Yes,1.0,Yes,1.0,Yes,1.0, Yes,1.0, Yes,1.0, Yes,1.0,Yes,1.0,Yes,1.0, Yes,1.0,Yes,1.0, Yes,1.0, Yes,1.0, Yes,1.0,Yes,1.0,Yes,1.0, Yes,1.0, Yes,1.0,Yes,1.0,Yes,1.0, No,0.0, Yes,1.0, Yes,1.0,Yes,1.0, Yes,1.0,Yes,1.0,Yes,1.0,Yes,1.0, Yes,1.0, Yes,1.0,Yes,1.0,0.1825741858350553,Medium
15,id25,"Statute: Any person who has received more than one telephone solicitation within any 12 month period by or on behalf of the same person or entity in violation of subsection (c) or (g) of this Code section may either bring an action to enjoin such violation; bring an action to recover foractual monetary loss from such knowing violation or to receive up to $2,000.00 in damages for each such knowing violation, whichever is greater; or bring both such actions.",Yes (correct), Yes,1.0,Yes,1.0,Yes,1.0, Yes,1.0, Yes,1.0, Yes,1.0,Yes,1.0,Yes,1.0, Yes,1.0,Yes,1.0, Yes,1.0, Yes,1.0, Yes,1.0,Yes,1.0,Yes,1.0, Yes,1.0, Yes,1.0,Yes,1.0,Yes,1.0, No,0.0, Yes,1.0, Yes,1.0,Yes,1.0, Yes,1.0,Yes,1.0,Yes,1.0,Yes,1.0, Yes,1.0, Yes,1.0,Yes,1.0,0.1825741858350553,Medium
62,id7,Statute: A consumer who suffers injury by an act of a consumer reporting agency that violates this chapter may bring a civil action against the consumer reporting agency in a circuit or superior court in the county in which the consumer resides.,Yes (correct), Yes,1.0,Yes,1.0,Yes,1.0, Yes,1.0, Yes,1.0, Yes,1.0,Yes,1.0,Yes,1.0, Yes,1.0,Yes,1.0, Yes,1.0, Yes,1.0, Yes,1.0,Yes,1.0,Yes,1.0, No,0.0, Yes,1.0,Yes,1.0,Yes,1.0, No,0.0, Yes,1.0, Yes,1.0,Yes,1.0, Yes,1.0,Yes,1.0,Yes,1.0,Yes,1.0, Yes,1.0, Yes,1.0,Yes,1.0,0.2537081317024625,Medium
93,id98,"Statute: Not less than 123 days before a primary election, the Secretary of State shall, with the advice and consent of the Attorney General, determine which parties are disqualified to participate in any primary election under Section 5102.",No (correct), No,1.0,No,1.0,No,1.0, No,1.0, No,1.0, Yes,0.0,No,1.0,No,1.0, No,1.0,No,1.0, No,1.0, No,1.0, No,1.0,No,1.0,No,1.0, Yes,0.0, No,1.0,No,1.0,No,1.0, No,1.0, No,1.0, No,1.0,No,1.0, No,1.0,No,1.0,No,1.0,No,1.0, No,1.0, No,1.0,No,1.0,0.2537081317024625,Medium
48,id57,Statute: Evidence that the defendant has paid or been ordered to pay compensatory fines under this section may not be introduced in any civil action arising out of the facts or events which were the basis for the compensatory fine.,No (correct), No,1.0,No,1.0,No,1.0, No,1.0, No,1.0, No,1.0,No,1.0,No,1.0, Yes,0.0,No,1.0, No,1.0, No ,1.0, No,1.0,No,1.0,No,1.0, No,1.0, Yes,0.0,No,1.0,No,1.0, No,1.0, No,1.0, No,1.0,No,1.0, No,1.0,No,1.0,No,1.0,No,1.0, No,1.0, No,1.0,No,1.0,0.2537081317024625,Medium
52,id60,"Statute: On conviction for a violation under thispart, the county may institute proceedings to seize any amusement device that was operated in violation of this part.",No (correct), No,1.0,Yes,0.0,No,1.0, No,1.0, No,1.0, Yes,0.0,No,1.0,No,1.0, No,1.0,No,1.0, No,1.0, No,1.0, No,1.0,No,1.0,No,1.0, No,1.0, No,1.0,No,1.0,No,1.0, No,1.0, No,1.0, No,1.0,No,1.0, No,1.0,No,1.0,No,1.0,No,1.0, No,1.0, No,1.0,No,1.0,0.2537081317024625,Medium
57,id65,"Statute: Each section of the petition shall be filed with the elections official of the county or city and county in which it was circulated, but all sections circulated in any county or city and county shall be filed at the same time.",No (correct), No,1.0,No,1.0,No,1.0, No,1.0, No,1.0, Yes,0.0,No,1.0,No,1.0, No,1.0,No,1.0, No,1.0, No,1.0, No,1.0,No,1.0,No,1.0, Yes,0.0, No,1.0,No,1.0,No,1.0, No,1.0, No,1.0, No,1.0,No,1.0, No,1.0,No,1.0,No,1.0,No,1.0, No,1.0, No,1.0,No,1.0,0.2537081317024625,Medium
31,id41,Statute: The card holder may commence a civil action if the issuer does not pay to the card holder the amount owed under Subsection (4) within 30 calendar days from the day on which the notice is mailed.,Yes (correct), Yes,1.0,Yes,1.0,Yes,1.0, Yes,1.0, Yes,1.0, Yes,1.0,Yes,1.0,Yes,1.0, Yes,1.0,Yes,1.0, Yes,1.0, Yes,1.0, Yes,1.0,No,0.0,Yes,1.0, Yes,1.0, Yes,1.0,Yes,1.0,Yes,1.0, No,0.0, Yes,1.0, Yes,1.0,Yes,1.0, Yes,1.0,Yes,1.0,Yes,1.0,Yes,1.0, Yes,1.0, Yes,1.0,Yes,1.0,0.2537081317024625,Medium
55,id63,"Statute: In each such instance, both the plaintiff and the defendant shall set out in such statement the asserted highest and best use of the property and shall itemize the elements of damage, if any, to the remainder if less than the whole is taken.",No (correct), Yes,0.0,No,1.0,No,1.0, No,1.0, No,1.0, Yes,0.0,No,1.0,No,1.0, No,1.0,No,1.0, No,1.0, No,1.0, No,1.0,No,1.0,No,1.0, No,1.0, No,1.0,No,1.0,No,1.0, No,1.0, No,1.0, No,1.0,No,1.0, No,1.0,No,1.0,No,1.0,No,1.0, No,1.0, No,1.0,No,1.0,0.2537081317024625,Medium
56,id64,"Statute: If the claimant is an executor, administrator, guardian, or other representative acting under judicial appointment, a duly certified copy of the record of appointment shall be filed with the complaint.",No (correct), No,1.0,No,1.0,No,1.0, No,1.0, Yes,0.0, Yes,0.0,No,1.0,No,1.0, No,1.0,No,1.0, No,1.0, No,1.0, No,1.0,No,1.0,No,1.0, No,1.0, No,1.0,No,1.0,No,1.0, No,1.0, No,1.0, No,1.0,No,1.0, No,1.0,No,1.0,No,1.0,No,1.0, No,1.0, No,1.0,No,1.0,0.2537081317024625,Medium
25,id35,"Statute: In addition to all other penalties, rights, or remedies provided by law, an individual or entity that uses or attempts to use its official authority or influence for the purpose of interfering with the right of a legislative employee to make a protected disclosure is liable in a civil action for damages brought by a legislative employee.",Yes (correct), Yes,1.0,Yes,1.0,Yes,1.0, Yes,1.0, Yes,1.0, Yes,1.0,Yes,1.0,Yes,1.0, Yes,1.0,Yes,1.0, Yes,1.0, Yes,1.0, Yes,1.0,Yes,1.0,Yes,1.0, No,0.0, Yes,1.0,Yes,1.0,Yes,1.0, No,0.0, Yes,1.0, Yes,1.0,Yes,1.0, Yes,1.0,Yes,1.0,Yes,1.0,Yes,1.0, Yes,1.0, Yes,1.0,Yes,1.0,0.2537081317024625,Medium
92,id97,"Statute: No application for parole shall be granted or denied except by a vote of the board at a meeting at which a quorum of its members are present.  This paragraph shall not be applied to the denial of applicants who are ineligible by order of the superior court, or to the granting of parole in emergency situations.",No (correct), No,1.0,No,1.0,No,1.0, No,1.0, No,1.0, Yes,0.0,No,1.0,No,1.0, No,1.0,No,1.0, No,1.0, No,1.0, No,1.0,No,1.0,No,1.0, No,1.0, Yes,0.0,No,1.0,No,1.0, No,1.0, No,1.0, No,1.0,No,1.0, No,1.0,No,1.0,No,1.0,No,1.0, No,1.0, No,1.0,No,1.0,0.2537081317024625,Medium
7,id17,Statute: A produce wholesaler who violates any provision of this subsection shall be liable to any person injured thereby for the amount of damages sustained in consequence of such violation and such liability may be enforced by suit in any court of competent jurisdiction.,Yes (correct), Yes,1.0,Yes,1.0,Yes,1.0, Yes,1.0, Yes,1.0, Yes,1.0,Yes,1.0,Yes,1.0, Yes,1.0,Yes,1.0, Yes,1.0, Yes,1.0, Yes,1.0,Yes,1.0,Yes,1.0, No,0.0, Yes,1.0,Yes,1.0,Yes,1.0, No,0.0, Yes,1.0, Yes,1.0,Yes,1.0, Yes,1.0,Yes,1.0,Yes,1.0,Yes,1.0, Yes,1.0, Yes,1.0,Yes,1.0,0.2537081317024625,Medium
8,id18,"Statute: A residential tenant may bring a civil action for a violation of this section and recover from the landlord $250 or actual damages, whichever is greater, and reasonable attorney's fees.",Yes (correct), No,0.0,Yes,1.0,Yes,1.0, Yes,1.0, Yes,1.0, Yes,1.0,Yes,1.0,Yes,1.0, Yes,1.0,Yes,1.0, Yes,1.0, Yes,1.0, Yes,1.0,Yes,1.0,Yes,1.0, No,0.0, Yes,1.0,Yes,1.0,Yes,1.0, Yes,1.0, Yes,1.0, Yes,1.0,Yes,1.0, Yes,1.0,Yes,1.0,Yes,1.0,Yes,1.0, Yes,1.0, Yes,1.0,Yes,1.0,0.2537081317024625,Medium
86,id91,"Statute: A law enforcement officer may stop a person in a public place whom he reasonably suspects is committing, has committed, or is about to commit an offense and may demand of him his name, address, and an explanation of his actions.",No (correct), No,1.0,No,1.0,No,1.0, No,1.0, No,1.0, Yes,0.0,No,1.0,No,1.0, No,1.0,No,1.0, No,1.0, No,1.0, No,1.0,No,1.0,No,1.0, No,1.0, No,1.0,No,1.0,No,1.0, No,1.0, No,1.0, No,1.0,Yes,0.0, No,1.0,No,1.0,No,1.0,No,1.0, No,1.0, No,1.0,No,1.0,0.2537081317024625,Medium
27,id37,"Statute: It shall be unlawful for any person to drive a motor vehicle upon, across or onto the lawn, sidewalk, yard, farmland, crops or fences or other real or personal property of another person, intentionally damaging the same. The owner of any lawn, sidewalk, yard, farmland, crops or fences or other real or personal property so damaged may bring an action in the district court against the owner of the motor vehicle causing such damage for the amount thereof.",Yes (correct), Yes,1.0,Yes,1.0,Yes,1.0, Yes,1.0, Yes,1.0, Yes,1.0,Yes,1.0,Yes,1.0, Yes,1.0,Yes,1.0, Yes,1.0, Yes,1.0, Yes,1.0,Yes,1.0,Yes,1.0, Yes,1.0, Yes,1.0,Yes,1.0,Yes,1.0, No,0.0, Yes,1.0, Yes,1.0,Yes,1.0, Yes,1.0,Yes,1.0,Yes,1.0,Yes,1.0, No,0.0, Yes,1.0,Yes,1.0,0.2537081317024625,Medium
82,id88,"Statute: No person may bring suit to enjoin the assessment or collection of any taxes, interest, or penalties imposed by this chapter.",No (correct), No,1.0,No,1.0,No,1.0, No,1.0, No,1.0, Yes,0.0,Yes,0.0,No,1.0, Yes,0.0,No,1.0, No,1.0, No,1.0, No,1.0,No,1.0,No,1.0, No,1.0, No,1.0,No,1.0,No,1.0, No,1.0, No,1.0, No,1.0,No,1.0, No,1.0,No,1.0,No,1.0,No,1.0, No,1.0, No,1.0,No,1.0,0.30512857662936443,Low
69,id76,"Statute: If, after considering the conclusions of a medical examination or medical reports from an employee's physician or other pertinent information, the trustees determine that the employee is unable to perform the work of his or her present position or any other position in the state university system, and the employee is eligible for, and does not waive the right to, retire for disability, the trustees shall file an application for disability retirement on the employee's behalf.",No (correct), Yes,0.0,No,1.0,No,1.0, No,1.0, No,1.0, Yes,0.0,No,1.0,No,1.0, No,1.0,No,1.0, No,1.0, No ,1.0, No,1.0,No,1.0,Yes,0.0, No,1.0, No,1.0,No,1.0,No,1.0, No,1.0, No,1.0, No,1.0,No,1.0, No,1.0,No,1.0,No,1.0,No,1.0, No,1.0, No,1.0,No,1.0,0.3051285766293645,Low
61,id69,"Statute: If there is reasonable cause to believe that returning a firearm to the owner or possessor may endanger the victim, the person who reported the assault or threat or another person in the household, the prosecutor shall file a notice of intent to retain the firearm in the appropriate superior, justice or municipal court.",No (correct), Yes,0.0,No,1.0,No,1.0, No,1.0, No,1.0, Yes,0.0,No,1.0,No,1.0, No,1.0,No,1.0, No,1.0, No,1.0, No,1.0,No,1.0,Yes,0.0, No,1.0, No,1.0,No,1.0,No,1.0, No,1.0, No,1.0, No,1.0,No,1.0, No,1.0,No,1.0,No,1.0,No,1.0, No,1.0, No,1.0,No,1.0,0.3051285766293645,Low
71,id78,Statute: The sheriff or the sheriff's designee shall maintain a permanent personnel file oneach department employee.,No (correct), Yes,0.0,No,1.0,No,1.0, No,1.0, No,1.0, Yes,0.0,No,1.0,No,1.0, No,1.0,No,1.0, No,1.0, No,1.0, No,1.0,No,1.0,No,1.0, Yes,0.0, No,1.0,No,1.0,No,1.0, No,1.0, No,1.0, No,1.0,No,1.0, No,1.0,No,1.0,No,1.0,No,1.0, No,1.0, No,1.0,No,1.0,0.30512857662936455,Low
54,id62,Statute: The complaint shall be filed with the circuit clerk and shall be assigned a number and placed on the docket as other pleadings in circuit court or county court.,No (correct), Yes,0.0,No,1.0,No,1.0, No,1.0, No,1.0, Yes,0.0,No,1.0,No,1.0, No,1.0,No,1.0, No,1.0, No,1.0, No,1.0,No,1.0,No,1.0, Yes,0.0, No,1.0,No,1.0,No,1.0, No,1.0, No,1.0, No,1.0,No,1.0, No,1.0,No,1.0,No,1.0,No,1.0, No,1.0, No,1.0,No,1.0,0.30512857662936455,Low
1,id11,Statute: A payor bank is liable to its customer for damages proximately caused by the wrongful dishonor of an item.,Yes (correct), Yes,1.0,Yes,1.0,Yes,1.0, Yes,1.0, Yes,1.0, Yes,1.0,Yes,1.0,Yes,1.0, Yes,1.0,No,0.0, Yes,1.0, Yes,1.0, Yes,1.0,Yes,1.0,Yes,1.0, Yes,1.0, Yes,1.0,Yes,1.0,No,0.0, No,0.0, Yes,1.0, Yes,1.0,Yes,1.0, Yes,1.0,Yes,1.0,Yes,1.0,Yes,1.0, Yes,1.0, Yes,1.0,Yes,1.0,0.30512857662936455,Low
90,id95,"Statute: Whenever it is necessary, in the judgment of the director, the director may require any taxpayer, or person liable for the collection or deduction of tax at source, by notice served upon the taxpayer or other person, to make such returns or render such signed statements as the director deems sufficient to show whether or not the taxpayer or other person is liable under this chapter.",No (correct), Yes,0.0,No,1.0,No,1.0, No,1.0, No,1.0, Yes,0.0,No,1.0,No,1.0, No,1.0,No,1.0, No,1.0, No,1.0, No,1.0,No,1.0,No,1.0, Yes,0.0, No,1.0,No,1.0,No,1.0, No,1.0, No,1.0, No,1.0,No,1.0, No,1.0,No,1.0,No,1.0,No,1.0, No,1.0, No,1.0,No,1.0,0.30512857662936455,Low
46,id55,Statute: Neither the members nor the officers of the authority nor any person executing bonds shall be liable personally thereon or be subject to any personal liability or accountability by reason of the issuance thereof.,No (correct), No,1.0,No,1.0,No,1.0, No,1.0, Yes,0.0, Yes,0.0,No,1.0,No,1.0, No,1.0,No,1.0, No,1.0, No,1.0, No,1.0,No,1.0,No,1.0, Yes,0.0, No,1.0,No,1.0,No,1.0, No,1.0, No,1.0, No,1.0,No,1.0, No,1.0,No,1.0,No,1.0,No,1.0, No,1.0, No,1.0,No,1.0,0.30512857662936455,Low
60,id68,Statute: A minor under fourteen (14) years of age may not be employed in any gainful occupation except as otherwise provided in § 50-5-107.,No (correct), Yes,0.0,No,1.0,No,1.0, No,1.0, No,1.0, Yes,0.0,No,1.0,No,1.0, No,1.0,No,1.0, No,1.0, No,1.0, No,1.0,No,1.0,No,1.0, Yes,0.0, No,1.0,No,1.0,No,1.0, No,1.0, No,1.0, No,1.0,No,1.0, No,1.0,No,1.0,No,1.0,No,1.0, No,1.0, No,1.0,No,1.0,0.30512857662936455,Low
11,id21,"Statute: Any  owner  or  tenant  of  residential  real property  shall  have  a private right of action for damages against any person who installs or  affixes  a  video  imaging  device  on  property adjoining such residential real property for the purpose of video taping or  taking  moving  digital  images of the recreational activities which occur in the backyard of  the  residential  real  property  without  the written  consent  thereto  of  such  owner  and/or tenant with intent to harass, annoy or alarm another person, or with intent  to  threaten  the person  or  property  of  another person.",Yes (correct), Yes,1.0,Yes,1.0,Yes,1.0, Yes,1.0, Yes,1.0, Yes,1.0,Yes,1.0,Yes,1.0, Yes,1.0,Yes,1.0, Yes,1.0, Yes,1.0, Yes,1.0,No,0.0,Yes,1.0, No,0.0, Yes,1.0,Yes,1.0,Yes,1.0, No,0.0, Yes,1.0, Yes,1.0,Yes,1.0, Yes,1.0,Yes,1.0,Yes,1.0,Yes,1.0, Yes,1.0, Yes,1.0,Yes,1.0,0.30512857662936455,Low
63,id70,"Statute: The committee or administrator shall annually, not later than the fifteenth day of August, file with the board ofsupervisors an estimate of the several amounts necessary for the ensuing calendar year (a) to meet the payments with respect to the liability of participants required to be made by the county pursuant to section of this chapter, and (b) to pay the administrative expenses of the plan.",No (correct), Yes,0.0,No,1.0,No,1.0, No,1.0, No,1.0, Yes,0.0,No,1.0,No,1.0, No,1.0,No,1.0, No,1.0, No,1.0, No,1.0,No,1.0,No,1.0, Yes,0.0, No,1.0,No,1.0,No,1.0, No,1.0, No,1.0, No,1.0,No,1.0, No,1.0,No,1.0,No,1.0,No,1.0, No,1.0, No,1.0,No,1.0,0.30512857662936455,Low
21,id31,"Statute: A private cause of action lies against a person who intentionally distributes by any means a photograph, film, videotape, recording, or any other reproduction of another, without the other’s consent.",Yes (correct), Yes,1.0,Yes,1.0,Yes,1.0, Yes,1.0, Yes,1.0, Yes,1.0,Yes,1.0,Yes,1.0, Yes,1.0,Yes,1.0, Yes,1.0, Yes,1.0, Yes,1.0,No,0.0,Yes,1.0, No,0.0, Yes,1.0,Yes,1.0,Yes,1.0, No,0.0, Yes,1.0, Yes,1.0,Yes,1.0, Yes,1.0,Yes,1.0,Yes,1.0,Yes,1.0, Yes,1.0, Yes,1.0,Yes,1.0,0.30512857662936455,Low
22,id32,"Statute: If an insurer or an insurer's agent issues an insurance policy without authority and the policyholder sustains a loss or damage covered under the policy, the insurer is liable to the policyholder under the policy in the same manner and to the same extent as if the insurer had been authorized to issue the policy, although the policy was issued in violation of this code.",Yes (correct), Yes,1.0,Yes,1.0,Yes,1.0, Yes,1.0, Yes,1.0, Yes,1.0,Yes,1.0,Yes,1.0, Yes,1.0,No,0.0, Yes,1.0, Yes,1.0, Yes,1.0,Yes,1.0,Yes,1.0, Yes,1.0, Yes,1.0,Yes,1.0,No,0.0, No,0.0, Yes,1.0, Yes,1.0,Yes,1.0, Yes,1.0,Yes,1.0,Yes,1.0,Yes,1.0, Yes,1.0, Yes,1.0,Yes,1.0,0.30512857662936455,Low
94,id99,"Statute: In connection with proceedings in the Supreme Court under this section, the Legislature hereby declares its intent to create a speedy and expeditious method for judicial determination of the vital questions involved, and urges the Supreme Court to accept jurisdiction in any such proceeding.",No (correct), No,1.0,No,1.0,No,1.0, No,1.0, No,1.0, Yes,0.0,No,1.0,No,1.0, No,1.0,No,1.0, No,1.0, No ,1.0, No,1.0,No,1.0,No,1.0, Yes,0.0, Yes,0.0,No,1.0,No,1.0, No,1.0, No,1.0, No,1.0,No,1.0, No,1.0,No,1.0,No,1.0,No,1.0, No,1.0, No,1.0,No,1.0,0.30512857662936455,Low
6,id16,Statute: A person whose religious exercise is burdened in violation of this section may assert that violation as a claim or defense in a judicial proceeding and obtain appropriate relief against agovernment. A party who prevails in any action to enforce this article against a government shall recover attorney fees and costs.,Yes (correct), No,0.0,Yes,1.0,Yes,1.0, Yes,1.0, Yes,1.0, Yes,1.0,Yes,1.0,Yes,1.0, Yes,1.0,Yes,1.0, Yes,1.0, Yes,1.0, Yes,1.0,Yes,1.0,Yes,1.0, No,0.0, Yes,1.0,Yes,1.0,Yes,1.0, No,0.0, Yes,1.0, Yes,1.0,Yes,1.0, Yes,1.0,Yes,1.0,Yes,1.0,Yes,1.0, Yes,1.0, Yes,1.0,Yes,1.0,0.3051285766293646,Low
26,id36,"Statute: In the event that no injunctive relief is sought or required, any person injured by a violation of Unfair Cigarette Sales Law may maintain an action for damages and costs of suit in any court of general jurisdiction.",Yes (correct), Yes,1.0,Yes,1.0,Yes,1.0, Yes,1.0, Yes,1.0, Yes,1.0,Yes,1.0,Yes,1.0, Yes,1.0,Yes,1.0, Yes,1.0, Yes,1.0, Yes,1.0,Yes,1.0,Yes,1.0, No,0.0, Yes,1.0,Yes,1.0,Yes,1.0, No,0.0, Yes,1.0, Yes,1.0,No,0.0, Yes,1.0,Yes,1.0,Yes,1.0,Yes,1.0, Yes,1.0, Yes,1.0,Yes,1.0,0.3051285766293646,Low
88,id93,"Statute: If a security freeze is in place on a consumer's credit report and credit score and if a third party applies to a consumer credit reporting agency to provide the third party with access to the consumer's credit report or credit score,the consumer credit reporting agency and the third party may treat the third party's application as incomplete unless the consumer authorizes the access under (a) of this section.",No (correct), No,1.0,No,1.0,No,1.0, No,1.0, No,1.0, Yes,0.0,No,1.0,No,1.0, No,1.0,No,1.0, No,1.0, No,1.0, No,1.0,No,1.0,No,1.0, Yes,0.0, No,1.0,No,1.0,No,1.0, No,1.0, Yes,0.0, No,1.0,No,1.0, No,1.0,No,1.0,No,1.0,No,1.0, No,1.0, No,1.0,No,1.0,0.3051285766293646,Low
40,id5,Statute: A buyer who has a claim against an escrow account required by may bring a civil action against the seller or escrow account holder to recover money from the escrow account.,Yes (correct), Yes,1.0,Yes,1.0,Yes,1.0, Yes,1.0, Yes,1.0, Yes,1.0,Yes,1.0,Yes,1.0, Yes,1.0,Yes,1.0, Yes,1.0, Yes,1.0, Yes,1.0,No,0.0,Yes,1.0, Yes,1.0, Yes,1.0,Yes,1.0,Yes,1.0, No,0.0, Yes,1.0, Yes,1.0,Yes,1.0, Yes,1.0,Yes,1.0,Yes,1.0,Yes,1.0, No,0.0, Yes,1.0,Yes,1.0,0.30512857662936466,Low
45,id54,"Statute: Such notice may be served in the manner in which process may be served, or in lieu thereof, may be sent by registered mail to the Port Authority at its principal office. Application for such leave must be made upon an affidavit showing the particular facts which caused the delay and shall be accompanied by a copy of the proposed notice of claim if such notice has not been served, and such application shall be made only upon notice to the Port Authority.",No (correct), No,1.0,No,1.0,Yes,0.0, No,1.0, No,1.0, Yes,0.0,No,1.0,No,1.0, No,1.0,No,1.0, No,1.0, No,1.0, No,1.0,No,1.0,No,1.0, No,1.0, Yes,0.0,No,1.0,No,1.0, No,1.0, Yes,0.0, No,1.0,No,1.0, No,1.0,No,1.0,No,1.0,No,1.0, No,1.0, No,1.0,No,1.0,0.34574590364176044,Low
17,id27,Statute: Any person who is given a polygraph examination and who suffers damages as a result of such polygraph examination having been administered in a negligent manner shall have a cause of action against the polygraph examiner.,Yes (correct), Yes,1.0,Yes,1.0,Yes,1.0, Yes,1.0, Yes,1.0, Yes,1.0,Yes,1.0,Yes,1.0, Yes,1.0,Yes,1.0, Yes,1.0, Yes,1.0, Yes,1.0,Yes,1.0,Yes,1.0, No,0.0, Yes,1.0,Yes,1.0,Yes,1.0, No,0.0, Yes,1.0, Yes,1.0,No,0.0, Yes,1.0,Yes,1.0,Yes,1.0,Yes,1.0, No,0.0, Yes,1.0,Yes,1.0,0.34574590364176044,Low
49,id58,Statute: No governmental entity or public employee who has complied with shall be liable to any person who voluntarily participates in hazardous recreation activities for any damage or injury to property or persons that arises out of a person's participation in the activity.,No (correct), No,1.0,No,1.0,No,1.0, No,1.0, Yes,0.0, Yes,0.0,No,1.0,No,1.0, No,1.0,No,1.0, No,1.0, No,1.0, No,1.0,No,1.0,No,1.0, Yes,0.0, Yes,0.0,No,1.0,No,1.0, No,1.0, No,1.0, No,1.0,No,1.0, No,1.0,No,1.0,No,1.0,No,1.0, No,1.0, No,1.0,No,1.0,0.34574590364176044,Low
79,id85,"Statute: Except as otherwise provided in subsections (b) and (c) of this section, venue for a judicial proceeding involving a trust is in the county of this state in which the trust's principal place of administration is or will be located and, if the trust is created by will and the estate is not yet closed, in the county in which the decedent's estate is being administered.",No (correct), No,1.0,No,1.0,No,1.0, No,1.0, Yes,0.0, Yes,0.0,No,1.0,No,1.0, No,1.0,No,1.0, No,1.0, Yes,0.0, No,1.0,No,1.0,Yes,0.0, No,1.0, No,1.0,No,1.0,No,1.0, No,1.0, No,1.0, No,1.0,No,1.0, No,1.0,No,1.0,No,1.0,No,1.0, No,1.0, No,1.0,No,1.0,0.3457459036417605,Low
0,id10,Statute: A Maryland railroad company that neglects or refuses to comply with the requirements of this section is liable for any resulting injuries to individuals or damages to property.,Yes (correct), Yes,1.0,Yes,1.0,Yes,1.0, No,0.0, Yes,1.0, Yes,1.0,No,0.0,Yes,1.0, Yes,1.0,Yes,1.0, No,0.0, Yes,1.0, Yes,1.0,Yes,1.0,Yes,1.0, Yes,1.0, Yes,1.0,Yes,1.0,Yes,1.0, Yes,1.0, Yes,1.0, Yes,1.0,Yes,1.0, Yes,1.0,Yes,1.0,Yes,1.0,Yes,1.0, No,0.0, Yes,1.0,Yes,1.0,0.3457459036417605,Low
76,id82,Statute: The superior court has jurisdiction of proceedings under this code concerning the administration of the decedent's estate.,No (correct), Yes,0.0,No,1.0,No,1.0, No,1.0, No,1.0, Yes,0.0,No,1.0,No,1.0, No,1.0,No,1.0, No,1.0, No,1.0, No,1.0,No,1.0,No,1.0, Yes,0.0, Yes,0.0,No,1.0,No,1.0, No,1.0, No,1.0, No,1.0,Yes,0.0, No,1.0,No,1.0,No,1.0,No,1.0, No,1.0, No,1.0,No,1.0,0.3790490217894516,Low
41,id50,"Statute: Where an insurer has been soadjudicated to be insolvent, any person who has a cause of action against an insured of such insurer under a liability insurance policy issued by such insurer shall have the right to file a claim in the liquidation proceeding, regardless of the fact that such claim may be contingent, and such claim may be allowed.",Yes (correct), Yes,1.0,Yes,1.0,Yes,1.0, Yes,1.0, Yes,1.0, Yes,1.0,Yes,1.0,Yes,1.0, No,0.0,No,0.0, Yes,1.0, Yes,1.0, Yes,1.0,Yes,1.0,Yes,1.0, Yes,1.0, Yes,1.0,Yes,1.0,No,0.0, No,0.0, Yes,1.0, Yes,1.0,Yes,1.0, Yes,1.0,Yes,1.0,Yes,1.0,Yes,1.0, No,0.0, Yes,1.0,Yes,1.0,0.3790490217894516,Low
20,id30,"Statute: If a person makes a false return to any such writ he shall be liable to the action of the party aggrieved, and also to any action at common law for false imprisonment or unlawful restraint.",Yes (correct), Yes,1.0,Yes,1.0,Yes,1.0, Yes,1.0, Yes,1.0, Yes,1.0,Yes,1.0,Yes,1.0, Yes,1.0,Yes,1.0, Yes,1.0, Yes,1.0, Yes,1.0,No,0.0,Yes,1.0, No,0.0, Yes,1.0,Yes,1.0,No,0.0, No,0.0, Yes,1.0, Yes,1.0,Yes,1.0, Yes,1.0,Yes,1.0,Yes,1.0,Yes,1.0, No,0.0, Yes,1.0,Yes,1.0,0.3790490217894517,Low
13,id23,Statute: Any obligor who is aggrieved as a result of a violation of this section may bring a civil contempt proceeding against the employer by filing an appropriate motion in the cause of action from which the order for health benefit plan coverage was issued. The director is also authorized to bring an action in circuit court to determine whether there has been a wrongful discharge or discipline under this section.,Yes (correct), Yes,1.0,Yes,1.0,Yes,1.0, Yes,1.0, Yes,1.0, Yes,1.0,Yes,1.0,Yes,1.0, Yes,1.0,Yes,1.0, Yes,1.0, No,0.0, Yes,1.0,No,0.0,Yes,1.0, No,0.0, Yes,1.0,Yes,1.0,Yes,1.0, No,0.0, Yes,1.0, Yes,1.0,Yes,1.0, Yes,1.0,Yes,1.0,Yes,1.0,Yes,1.0, Yes,1.0, No,0.0,Yes,1.0,0.3790490217894517,Low
24,id34,"Statute: If the industrial commissioner fails to maintain an action pursuant to subdivision one hereof within fifteen days ofbeing notified by certified mail of such an alleged violation, any industrial homeworker or any other person, partnership, corporation or association making such mailing who is aggrieved by such alleged violation may commence such an action and seek an injunction pursuant to the provisions of statute or rule relating generally to injunctions as provisional remedies.",Yes (correct), No,0.0,Yes,1.0,Yes,1.0, Yes,1.0, Yes,1.0, Yes,1.0,Yes,1.0,Yes,1.0, Yes,1.0,Yes,1.0, Yes,1.0, No,0.0, Yes,1.0,No,0.0,Yes,1.0, No,0.0, Yes,1.0,Yes,1.0,Yes,1.0, No,0.0, Yes,1.0, Yes,1.0,Yes,1.0, Yes,1.0,Yes,1.0,Yes,1.0,Yes,1.0, No,0.0, Yes,1.0,Yes,1.0,0.4068381021724863,Low
14,id24,Statute: Any person who executes a will disposing of all or part of an estate located in Arkansas may institute an action in the circuit court of the appropriate county of this state for a declaratory judgment establishing the validity of the will.,Yes (correct), No,0.0,Yes,1.0,Yes,1.0, Yes,1.0, Yes,1.0, Yes,1.0,Yes,1.0,Yes,1.0, Yes,1.0,No,0.0, Yes,1.0, Yes,1.0, Yes,1.0,No,0.0,Yes,1.0, No,0.0, Yes,1.0,Yes,1.0,Yes,1.0, No,0.0, Yes,1.0, Yes,1.0,Yes,1.0, Yes,1.0,Yes,1.0,Yes,1.0,Yes,1.0, No,0.0, Yes,1.0,Yes,1.0,0.4068381021724863,Low
65,id72,"Statute: Any advertising structure erected or maintained adjacent to the right-of-way of the interstate or primary highway system after the effective date of this act as determined by through,and amendments thereto, in violation of the provisions of this section or rules and regulations adopted by the secretary, or maintained without a permit for construction and a current license shall be considered illegal and shall be subject to removal.",No (correct), No,1.0,No,1.0,No,1.0, No,1.0, Yes,0.0, Yes,0.0,No,1.0,No,1.0, No,1.0,No,1.0, No,1.0, Yes ,0.0, No,1.0,No,1.0,No,1.0, Yes,0.0, Yes,0.0,No,1.0,No,1.0, No,1.0, No,1.0, No,1.0,Yes,0.0, No,1.0,No,1.0,No,1.0,No,1.0, No,1.0, No,1.0,No,1.0,0.4068381021724863,Low
29,id39,Statute: Nothing in this section prevents a consumer that has accepted a cure offer from bringing a civil action against a creditor or debt collector for failing to timely effect the cure offer.,Yes (correct), Yes,1.0,Yes,1.0,Yes,1.0, Yes,1.0, Yes,1.0, No,0.0,Yes,1.0,Yes,1.0, Yes,1.0,No,0.0, Yes,1.0, Yes,1.0, Yes,1.0,No,0.0,Yes,1.0, Yes,1.0, Yes,1.0,Yes,1.0,No,0.0, No,0.0, Yes,1.0, Yes,1.0,No,0.0, Yes,1.0,Yes,1.0,Yes,1.0,Yes,1.0, Yes,1.0, Yes,1.0,Yes,1.0,0.4068381021724863,Low
2,id12,Statute: A person acting as an investment adviser or investment adviser representative that provides investment advice for compensation in violation of the previous subsection  is liable to the client.,Yes (correct), Yes,1.0,Yes,1.0,Yes,1.0, Yes,1.0, Yes,1.0, Yes,1.0,Yes,1.0,Yes,1.0, Yes,1.0,Yes,1.0, Yes,1.0, Yes,1.0, Yes,1.0,No,0.0,No,0.0, Yes,1.0, Yes,1.0,Yes,1.0,No,0.0, No,0.0, Yes,1.0, Yes,1.0,No,0.0, Yes,1.0,Yes,1.0,Yes,1.0,Yes,1.0, No,0.0, Yes,1.0,Yes,1.0,0.4068381021724863,Low
39,id49,"Statute: Whenever a dog has bitten a human being on at least two separate occasions for which none of the exceptions specified in sectionapply, any person may bring an action against the owner of the dog in the district court of the judicial circuit in which the owner resides, to determine whether conditions of the treatment or confinement of the dog or other circumstances existing at the time of the bites have been changed so as to remove the danger to other persons presented by such animal.",Yes (correct), Yes,1.0,Yes,1.0,Yes,1.0, Yes,1.0, No,0.0, Yes,1.0,Yes,1.0,Yes,1.0, Yes,1.0,No,0.0, Yes,1.0, Yes,1.0, Yes,1.0,Yes,1.0,Yes,1.0, No,0.0, Yes,1.0,Yes,1.0,Yes,1.0, No,0.0, Yes,1.0, Yes,1.0,Yes,1.0, Yes,1.0,Yes,1.0,Yes,1.0,Yes,1.0, No,0.0, No,0.0,Yes,1.0,0.4068381021724863,Low
43,id52,"Statute: Any of the defendants in any such attachment, or any party to any forthcoming bond given as aforesaid, or the officer who may be liable to the plaintiff by reason of such bond being adjudged bad, or any person authorized by 8.01-573 to file a petition, may make defense to such attachment, but the attachment shall not thereby be discharged, or the property levied on released.",No (correct), No,1.0,Yes,0.0,No,1.0, Yes,0.0, No,1.0, Yes,0.0,No,1.0,Yes,0.0, No,1.0,No,1.0, Yes,0.0, No,1.0, No,1.0,No,1.0,No,1.0, No,1.0, No,1.0,No,1.0,No,1.0, No,1.0, Yes,0.0, No,1.0,No,1.0, No,1.0,No,1.0,No,1.0,No,1.0, No,1.0, No,1.0,No,1.0,0.4068381021724863,Low
67,id74,"Statute: When initiated in the family court, the family court has jurisdiction to determine, in accordance with subdivision one of section of the domestic relations law and with the same powers possessed by the supreme court in addition to its own powers, habeas corpus proceedings and proceedings brought by petition andorder to show cause, for the determination of the custody or visitation of minors, including applications by a grandparent or grandparents for visitation or custody rights pursuant to section or of the domestic relations law.",No (correct), No,1.0,Yes,0.0,No,1.0, No,1.0, No,1.0, Yes,0.0,No,1.0,No,1.0, No,1.0,No,1.0, No,1.0, No ,1.0, No,1.0,No,1.0,Yes,0.0, Yes,0.0, Yes,0.0,No,1.0,No,1.0, No,1.0, Yes,0.0, No,1.0,Yes,0.0, No,1.0,No,1.0,No,1.0,No,1.0, No,1.0, No,1.0,No,1.0,0.43018306715207627,Low
91,id96,"Statute: In the construction of a pleading, for the purpose of determining its effect, its allegations must be liberally construed, with a view to substantial justice between the parties.",No (correct), Yes,0.0,No,1.0,No,1.0, No,1.0, Yes,0.0, Yes,0.0,No,1.0,No,1.0, No,1.0,No,1.0, No,1.0, No,1.0, No,1.0,No,1.0,No,1.0, Yes,0.0, Yes,0.0,No,1.0,No,1.0, No,1.0, No,1.0, Yes,0.0,Yes,0.0, No,1.0,No,1.0,No,1.0,No,1.0, No,1.0, No,1.0,No,1.0,0.43018306715207627,Low
12,id22,Statute: Any creditor refusing or neglecting to do so for ten (10) days after payment shall be liable to any person injured to the amount of injury and for cost of suit.,Yes (correct), No,0.0,Yes,1.0,Yes,1.0, Yes,1.0, Yes,1.0, Yes,1.0,Yes,1.0,Yes,1.0, Yes,1.0,Yes,1.0, Yes,1.0, No,0.0, Yes,1.0,No,0.0,Yes,1.0, No,0.0, Yes,1.0,Yes,1.0,No,0.0, No,0.0, Yes,1.0, Yes,1.0,Yes,1.0, Yes,1.0,Yes,1.0,Yes,1.0,Yes,1.0, No,0.0, Yes,1.0,Yes,1.0,0.43018306715207627,Low
74,id80,"Statute: In addition to criminal penalties, any person violating this section may be fined up to one thousand dollars ($1000) by the board for each violation. The board may sue, if necessary, to collect the fine.",No (correct), No,1.0,Yes,0.0,No,1.0, No,1.0, Yes,0.0, Yes,0.0,No,1.0,No,1.0, No,1.0,No,1.0, No,1.0, No,1.0, No,1.0,No,1.0,No,1.0, No,1.0, No,1.0,No,1.0,Yes,0.0, No,1.0, Yes,0.0, No,1.0,Yes,0.0, No,1.0,No,1.0,No,1.0,No,1.0, Yes,0.0, No,1.0,No,1.0,0.4301830671520763,Low
89,id94,"Statute: In any action brought by the Attorney General under this section, the Attorney General is entitled to recover the costs of the action for the use of the State.",No (correct), No,1.0,No,1.0,No,1.0, No,1.0, Yes,0.0, Yes,0.0,No,1.0,No,1.0, No,1.0,No,1.0, No,1.0, No,1.0, No,1.0,No,1.0,Yes,0.0, Yes,0.0, No,1.0,No,1.0,Yes,0.0, No,1.0, Yes,0.0, Yes,0.0,Yes,0.0, No,1.0,No,1.0,No,1.0,No,1.0, No,1.0, No,1.0,No,1.0,0.4497764451088037,Low
78,id84,"Statute: The court where the ward resides has concurrent jurisdiction with the court which appointed the guardian, or in which acceptance of a testamentary appointment was filed, over resignation, removal, accounting, and other proceedings relating to the guardianship.",No (correct), Yes,0.0,Yes,0.0,No,1.0, No,1.0, Yes,0.0, Yes,0.0,No,1.0,No,1.0, No,1.0,No,1.0, No,1.0, No,1.0, No,1.0,No,1.0,Yes,0.0, Yes,0.0, Yes,0.0,No,1.0,No,1.0, No,1.0, No,1.0, No,1.0,Yes,0.0, No,1.0,No,1.0,No,1.0,No,1.0, No,1.0, No,1.0,No,1.0,0.44977644510880377,Low
83,id89,"Statute: An action for an injury proximately caused by the alleged negligence, wrongful act, or omission of a state employee occurring within the scope of the employee's employment must be brought against the state.",No (correct), No,1.0,No,1.0,No,1.0, No,1.0, No,1.0, Yes,0.0,Yes,0.0,Yes,0.0, No,1.0,No,1.0, No,1.0, No,1.0, No,1.0,No,1.0,Yes,0.0, No,1.0, Yes,0.0,No,1.0,Yes,0.0, No,1.0, No,1.0, Yes,0.0,Yes,0.0, No,1.0,No,1.0,No,1.0,No,1.0, No,1.0, No,1.0,Yes,0.0,0.46609159969939895,Low
77,id83,Statute: All actions brought under this chapter relating to the use of the highways of this state by nonresident motorists shall be brought in the county in which the accident or injury occurred or the cause of action originated.,No (correct), Yes,0.0,Yes,0.0,No,1.0, No,1.0, No,1.0, Yes,0.0,Yes,0.0,Yes,0.0, Yes,0.0,No,1.0, No,1.0, No,1.0, Yes,0.0,No,1.0,Yes,0.0, No,1.0, Yes,0.0,No,1.0,No,1.0, No,1.0, No,1.0, No,1.0,No,1.0, No,1.0,No,1.0,No,1.0,No,1.0, No,1.0, No,1.0,No,1.0,0.46609159969939895,Low
75,id81,Statute: The attorney general or an attorney representing the state may bring an action for an injunction to prohibit a person from violating this chapter or a rule adopted under this chapter.,No (correct), No,1.0,No,1.0,No,1.0, No,1.0, Yes,0.0, Yes,0.0,No,1.0,No,1.0, No,1.0,No,1.0, No,1.0, No,1.0, No,1.0,No,1.0,Yes,0.0, No,1.0, No,1.0,No,1.0,Yes,0.0, No,1.0, Yes,0.0, Yes,0.0,Yes,0.0, No,1.0,No,1.0,No,1.0,No,1.0, Yes,0.0, No,1.0,Yes,0.0,0.466091599699399,Low
36,id46,"Statute: The sister state personal representative may bring an action against a holder of the decedent's property, and may be awarded attorney's fees, as provided in subdivision (b) of Section 13105.",Yes (correct), Yes,1.0,Yes,1.0,Yes,1.0, No,0.0, Yes,1.0, Yes,1.0,Yes,1.0,Yes,1.0, Yes,1.0,Yes,1.0, No,0.0, No,0.0, No,0.0,No,0.0,Yes,1.0, No,0.0, Yes,1.0,Yes,1.0,Yes,1.0, No,0.0, Yes,1.0, Yes,1.0,Yes,1.0, Yes,1.0,Yes,1.0,Yes,1.0,Yes,1.0, No,0.0, No,0.0,Yes,1.0,0.466091599699399,Low
85,id90,Statute: Any person bringing a wrongful death or survival action in a court other than the probate court must notify the probate court of this action within ten days after the filing of the action. The provisions of this subsection apply to wrongful death or survival actions filed after the effective date of this section.,No (correct), No,1.0,No,1.0,No,1.0, Yes,0.0, No,1.0, Yes,0.0,Yes,0.0,Yes,0.0, No,1.0,No,1.0, Yes,0.0, No,1.0, No,1.0,No,1.0,Yes,0.0, Yes,0.0, Yes,0.0,No,1.0,No,1.0, No,1.0, Yes,0.0, Yes,0.0,No,1.0, No,1.0,No,1.0,No,1.0,No,1.0, No,1.0, No,1.0,No,1.0,0.479463301485384,Low
80,id86,Statute: The Secretary or a local health officer may bring an action to enjoin any person from committing any nuisance subject to this subtitle.,No (correct), Yes,0.0,No,1.0,No,1.0, No,1.0, Yes,0.0, Yes,0.0,No,1.0,No,1.0, No,1.0,No,1.0, No,1.0, No,1.0, No,1.0,No,1.0,Yes,0.0, No,1.0, No,1.0,No,1.0,Yes,0.0, No,1.0, Yes,0.0, Yes,0.0,Yes,0.0, No,1.0,No,1.0,No,1.0,No,1.0, Yes,0.0, No,1.0,Yes,0.0,0.4794633014853841,Low
10,id20,"Statute: An individual who suffers an ascertainable loss by a violation of may bring an action, but only against a person who has directly violated.",Yes (correct), Yes,1.0,Yes,1.0,No,0.0, Yes,1.0, Yes,1.0, Yes,1.0,Yes,1.0,Yes,1.0, Yes,1.0,No,0.0, Yes,1.0, Yes,1.0, Yes,1.0,No,0.0,No,0.0, No,0.0, Yes,1.0,Yes,1.0,No,0.0, No,0.0, Yes,1.0, Yes,1.0,No,0.0, Yes,1.0,Yes,1.0,Yes,1.0,Yes,1.0, No,0.0, No,0.0,Yes,1.0,0.47946330148538413,Low
72,id79,"Statute: The Attorney General shall enforce this provision of the Act by an action for mandamus, injunction, or other appropriate relief.",No (correct), No,1.0,No,1.0,No,1.0, No,1.0, Yes,0.0, Yes,0.0,No,1.0,No,1.0, No,1.0,No,1.0, No,1.0, No,1.0, No,1.0,Yes,0.0,Yes,0.0, Yes,0.0, No,1.0,No,1.0,Yes,0.0, No,1.0, Yes,0.0, Yes,0.0,Yes,0.0, No,1.0,No,1.0,No,1.0,No,1.0, Yes,0.0, No,1.0,Yes,0.0,0.4901325178535609,Low
87,id92,"Statute: The attorney general may bring an action in  for injunctive relief, costs, and attorney's fees and may impose on a manufacturer that violates this section a civil penalty of no more than $10,000.00 per violation. Each unlawful gift shall constitute a separate violation.",No (correct), No,1.0,No,1.0,No,1.0, No,1.0, Yes,0.0, No,1.0,No,1.0,No,1.0, Yes,0.0,Yes,0.0, No,1.0, No,1.0, No,1.0,No,1.0,Yes,0.0, No,1.0, Yes,0.0,No,1.0,Yes,0.0, No,1.0, Yes,0.0, Yes,0.0,Yes,0.0, No,1.0,No,1.0,No,1.0,No,1.0, Yes,0.0, No,1.0,Yes,0.0,0.4901325178535609,Low
30,id40,Statute: The buyer or the seller may commence legal proceedings against the other party or assert a claim as a counterclaim or defense in an action brought by the seller or buyers after the receipt of the report of alternative dispute resolution as provided in.,Yes (correct), Yes,1.0,Yes,1.0,No,0.0, Yes,1.0, Yes,1.0, Yes,1.0,Yes,1.0,Yes,1.0, Yes,1.0,No,0.0, Yes,1.0, No,0.0, No,0.0,No,0.0,No,0.0, Yes,1.0, Yes,1.0,Yes,1.0,No,0.0, No,0.0, Yes,1.0, Yes,1.0,No,0.0, Yes,1.0,Yes,1.0,Yes,1.0,Yes,1.0, Yes,1.0, No,0.0,No,0.0,0.4901325178535609,Low
32,id42,Statute: The common areas and facilities shall remain undivided. A condominium unit owner or any other person may bring an action for partition or division of any part of the common areas and facilities if the property has been removed from this chapter as provided in the previous subsections.,Yes (correct), Yes,1.0,Yes,1.0,Yes,1.0, Yes,1.0, No,0.0, No,0.0,Yes,1.0,Yes,1.0, Yes,1.0,Yes,1.0, Yes,1.0, No,0.0, Yes,1.0,No,0.0,Yes,1.0, No,0.0, Yes,1.0,Yes,1.0,Yes,1.0, No,0.0, Yes,1.0, No,0.0,No,0.0, Yes,1.0,Yes,1.0,No,0.0,Yes,1.0, No,0.0, No,0.0,Yes,1.0,0.4901325178535609,Low
51,id6,Statute: A cable operator may bring a civil action for damages against any person who violates any provision of ORS.,Yes (correct), Yes,1.0,Yes,1.0,Yes,1.0, No,0.0, Yes,1.0, Yes,1.0,Yes,1.0,Yes,1.0, Yes,1.0,No,0.0, No,0.0, No,0.0, Yes,1.0,No,0.0,No,0.0, No,0.0, Yes,1.0,Yes,1.0,Yes,1.0, No,0.0, Yes,1.0, No,0.0,No,0.0, Yes,1.0,Yes,1.0,Yes,1.0,Yes,1.0, No,0.0, Yes,1.0,No,0.0,0.4982728791224399,Low
81,id87,"Statute: Whenever the attorney general has probable cause to believe that any person has violated any provision of this chapter, the attorney general may bring a civil action for injunctive or other appropriate equitable relief.",No (correct), Yes,0.0,Yes,0.0,No,1.0, No,1.0, Yes,0.0, Yes,0.0,No,1.0,No,1.0, Yes,0.0,Yes,0.0, No,1.0, No,1.0, Yes,0.0,Yes,0.0,Yes,0.0, No,1.0, Yes,0.0,Yes,0.0,Yes,0.0, No,1.0, Yes,0.0, Yes,0.0,Yes,0.0, No,1.0,No,1.0,No,1.0,No,1.0, Yes,0.0, Yes,0.0,Yes,0.0,0.4982728791224399,Low
23,id33,"Statute: If any laborer, without good cause, shall abandon his or her employer before the expiration of his or her contract, he or she shall be liable to his or her employer for the full amount of any account he or she may owe his or her employer.",Yes (correct), Yes,1.0,Yes,1.0,No,0.0, No,0.0, Yes,1.0, Yes,1.0,No,0.0,Yes,1.0, No,0.0,No,0.0, No,0.0, No,0.0, Yes,1.0,No,0.0,No,0.0, No,0.0, Yes,1.0,No,0.0,No,0.0, No,0.0, Yes,1.0, No,0.0,Yes,1.0, Yes,1.0,No,0.0,No,0.0,No,0.0, No,0.0, Yes,1.0,Yes,1.0,0.49827287912243995,Low
53,id61,"Statute: Where a party has made an election pursuant to the provisions of this section, to have the claims asserted in a written notice issued by the chairperson, decided in a civil action, the chairperson shall immediately direct staff attorneys employed by the commission to commence and maintain a civil action on behalf of the complainant.",No (correct), No,1.0,Yes,0.0,No,1.0, No,1.0, Yes,0.0, Yes,0.0,Yes,0.0,Yes,0.0, No,1.0,No,1.0, No,1.0, No,1.0, No,1.0,No,1.0,Yes,0.0, No,1.0, Yes,0.0,Yes,0.0,No,1.0, No,1.0, Yes,0.0, No,1.0,No,1.0, No,1.0,No,1.0,Yes,0.0,Yes,0.0, No,1.0, No,1.0,Yes,0.0,0.49827287912243995,Low
66,id73,"Statute: To abate the nuisance caused by illegal conduct involving an unlawful weapons or ammunition on real property, the city prosecutor or city attorney may file,in the name of the people, an action for unlawful detainer against any person who is in violation of the nuisance or illegal purpose provisions ofsubdivision 4 of Sectionof the Code of Civil Procedure, with respect to that unlawful weapons orammunition purpose.",No (correct), No,1.0,Yes,0.0,Yes,0.0, No,1.0, Yes,0.0, Yes,0.0,No,1.0,No,1.0, Yes,0.0,No,1.0, No,1.0, No,1.0, Yes,0.0,No,1.0,Yes,0.0, No,1.0, Yes,0.0,Yes,0.0,No,1.0, No,1.0, Yes,0.0, Yes,0.0,No,1.0, No,1.0,No,1.0,Yes,0.0,Yes,0.0, No,1.0, No,1.0,Yes,0.0,0.507416263404925,Low
37,id47,Statute: The tenant shall be liable to the landlord for any damage proximately caused by the tenant's unreasonable refusal to allow access as provided in section 521-53(a) .,Yes (correct), No,0.0,Yes,1.0,No,0.0, No,0.0, Yes,1.0, Yes,1.0,No,0.0,Yes,1.0, Yes,1.0,No,0.0, No,0.0, No,0.0, Yes,1.0,No,0.0,Yes,1.0, No,0.0, Yes,1.0,Yes,1.0,No,0.0, No,0.0, Yes,1.0, Yes,1.0,Yes,1.0, Yes,1.0,Yes,1.0,No,0.0,Yes,1.0, No,0.0, No,0.0,Yes,1.0,0.507416263404925,Low
44,id53,"Statute: No pharmacist, certified pharmacy technician, or pharmacy employee who in good faith reports suspected violations as provided for in this Part shall be liable to any person or entity for any claim of damages as a result of the act of reporting the information, and no lawsuit may be predicated thereon.",No (correct), Yes,0.0,Yes,0.0,No,1.0, No,1.0, Yes,0.0, Yes,0.0,No,1.0,No,1.0, Yes,0.0,No,1.0, No,1.0, Yes,0.0, No,1.0,No,1.0,Yes,0.0, Yes,0.0, Yes,0.0,No,1.0,No,1.0, No,1.0, Yes,0.0, Yes,0.0,Yes,0.0, No,1.0,No,1.0,Yes,0.0,No,1.0, Yes,0.0, No,1.0,Yes,0.0,0.5085476277156078,Low
50,id59,Statute: The unauthorized practice of law committee may sue in its own name for the purpose of civil litigation as provided by this section.,No (correct), No,1.0,Yes,0.0,No,1.0, No,1.0, Yes,0.0, Yes,0.0,Yes,0.0,Yes,0.0, Yes,0.0,Yes,0.0, No,1.0, No,1.0, No,1.0,No,1.0,Yes,0.0, No,1.0, Yes,0.0,Yes,0.0,No,1.0, No,1.0, Yes,0.0, No,1.0,No,1.0, Yes,0.0,No,1.0,Yes,0.0,Yes,0.0, No,1.0, No,1.0,Yes,0.0,0.5085476277156078,Low
47,id56,Statute: The administrator may bring an action in a court of competent jurisdiction to enforce this chapter.,No (correct), Yes,0.0,Yes,0.0,No,1.0, No,1.0, Yes,0.0, Yes,0.0,No,1.0,No,1.0, No,1.0,No,1.0, No,1.0, No,1.0, No,1.0,Yes,0.0,Yes,0.0, No,1.0, No,1.0,Yes,0.0,Yes,0.0, No,1.0, Yes,0.0, Yes,0.0,Yes,0.0, No,1.0,No,1.0,Yes,0.0,Yes,0.0, Yes,0.0, No,1.0,Yes,0.0,0.5085476277156078,Low
