,instance_id,input.text,predicted_text_0,stats.exact_match_0,num_words_0,predicted_text_1,stats.exact_match_1,num_words_1,predicted_text_2,stats.exact_match_2,num_words_2,predicted_text_3,stats.exact_match_3,num_words_3,predicted_text_4,stats.exact_match_4,num_words_4,predicted_text_5,stats.exact_match_5,num_words_5,predicted_text_6,stats.exact_match_6,num_words_6,predicted_text_7,stats.exact_match_7,num_words_7,predicted_text_8,stats.exact_match_8,num_words_8,predicted_text_9,stats.exact_match_9,num_words_9,predicted_text_10,stats.exact_match_10,num_words_10,predicted_text_11,stats.exact_match_11,num_words_11,predicted_text_12,stats.exact_match_12,num_words_12,predicted_text_13,stats.exact_match_13,num_words_13,predicted_text_14,stats.exact_match_14,num_words_14,predicted_text_15,stats.exact_match_15,num_words_15,predicted_text_16,stats.exact_match_16,num_words_16,predicted_text_17,stats.exact_match_17,num_words_17,predicted_text_18,stats.exact_match_18,num_words_18,predicted_text_19,stats.exact_match_19,num_words_19,predicted_text_20,stats.exact_match_20,num_words_20,predicted_text_21,stats.exact_match_21,num_words_21,predicted_text_22,stats.exact_match_22,num_words_22,predicted_text_23,stats.exact_match_23,num_words_23,predicted_text_24,stats.exact_match_24,num_words_24,predicted_text_25,stats.exact_match_25,num_words_25,predicted_text_26,stats.exact_match_26,num_words_26,predicted_text_27,stats.exact_match_27,num_words_27,predicted_text_28,stats.exact_match_28,num_words_28,predicted_text_29,stats.exact_match_29,num_words_29,std,agreement_level
17,id115,Three of the following are classic security properties; which one is not?,C,0.0,13,C,0.0,13,C,0.0,13,C,0.0,13, C,0.0,13, C,0.0,13, C,0.0,13,C,0.0,13, C,0.0,13, C,0.0,13,D,0.0,13, D,0.0,13, C,0.0,13,C,0.0,13,C,0.0,13,C,0.0,13, D,0.0,13, C,0.0,13,C,0.0,13,C,0.0,13,C,0.0,13,C,0.0,13, C,0.0,13, C,0.0,13, C,0.0,13, C,0.0,13,C,0.0,13, C,0.0,13, C,0.0,13, C,0.0,13,0.0,High
46,id40,The __________ was a huge marketplace of Dark Web specifically famous for selling of illegal drugs & narcotics as well as you can find a wide range of other goods for sale.,A,1.0,33,A,1.0,33,A,1.0,33,A,1.0,33, A,1.0,33, A,1.0,33, A,1.0,33,A,1.0,33, A,1.0,33, A,1.0,33,A,1.0,33, A,1.0,33, A,1.0,33,A,1.0,33,A,1.0,33,A,1.0,33, B,0.0,33, A,1.0,33,A,1.0,33,A,1.0,33,A,1.0,33,A,1.0,33, A,1.0,33, A,1.0,33, A,1.0,33, A,1.0,33,A,1.0,33, A,1.0,33, A,1.0,33, A,1.0,33,0.1825741858350553,High
47,id41,The ______________ is categorized as an unknown segment of the Deep Web which has been purposely kept hidden & is inaccessible using standard web browsers.,C,1.0,26,C,1.0,26,C,1.0,26,C,1.0,26, C,1.0,26, C,1.0,26, C,1.0,26,C,1.0,26, C,1.0,26, C,1.0,26,C,1.0,26, D,0.0,26, C,1.0,26,C,1.0,26,C,1.0,26,C,1.0,26, C,1.0,26, C,1.0,26,C,1.0,26,C,1.0,26,C,1.0,26,C,1.0,26, C,1.0,26, C,1.0,26, C,1.0,26, C,1.0,26,C,1.0,26, C,1.0,26, C,1.0,26, C,1.0,26,0.1825741858350553,High
6,id105,Which of the following does authorization aim to accomplish?,A,1.0,10,A,1.0,10,A,1.0,10,A,1.0,10, A,1.0,10, A,1.0,10, A,1.0,10,A,1.0,10, A,1.0,10, A,1.0,10,A,1.0,10, C,0.0,10, A,1.0,10,A,1.0,10,A,1.0,10,A,1.0,10, A,1.0,10, A,1.0,10,A,1.0,10,A,1.0,10,A,1.0,10,A,1.0,10, A,1.0,10, A,1.0,10, A,1.0,10, A,1.0,10,A,1.0,10, A,1.0,10, A,1.0,10, A,1.0,10,0.1825741858350553,High
32,id26,An integer overflow occurs when,A,0.0,6,A,0.0,6,A,0.0,6,A,0.0,6, A,0.0,6, A,0.0,6, A,0.0,6,A,0.0,6, A,0.0,6, A,0.0,6,A,0.0,6, D,1.0,6, A,0.0,6,A,0.0,6,A,0.0,6,A,0.0,6, A,0.0,6, A,0.0,6,A,0.0,6,A,0.0,6,A,0.0,6,A,0.0,6, A,0.0,6, A,0.0,6, A,0.0,6, C,0.0,6,C,0.0,6, B,0.0,6, A,0.0,6, A,0.0,6,0.1825741858350553,High
70,id62,A ___________ is a method in which a computer security mechanism is bypassed untraceable for accessing the computer or its information.,B,1.0,22,B,1.0,22,B,1.0,22,B,1.0,22, B,1.0,22, B,1.0,22, B,1.0,22,B,1.0,22, B,1.0,22, B,1.0,22,B,1.0,22, B,1.0,22, B,1.0,22,B,1.0,22,B,1.0,22,B,1.0,22, A,0.0,22, B,1.0,22,B,1.0,22,B,1.0,22,B,1.0,22,B,1.0,22, B,1.0,22, B,1.0,22, B,1.0,22, B,1.0,22,B,1.0,22, B,1.0,22, B,1.0,22, B,1.0,22,0.1825741858350553,High
57,id50,Which of the following is an authentication method?,D,1.0,9,D,1.0,9,D,1.0,9,D,1.0,9, D,1.0,9, D,1.0,9, D,1.0,9,D,1.0,9, D,1.0,9, D,1.0,9,D,1.0,9, D,1.0,9, D,1.0,9,D,1.0,9,D,1.0,9,D,1.0,9, C,0.0,9, D,1.0,9,D,1.0,9,D,1.0,9,D,1.0,9,D,1.0,9, D,1.0,9, D,1.0,9, D,1.0,9, D,1.0,9,D,1.0,9, D,1.0,9, D,1.0,9, D,1.0,9,0.1825741858350553,High
12,id110,"Suppose Unix did not provide a way of passing file descriptors between processes, but still allowed inheriting file descriptors from a parent on fork and exec. What aspects of the OKWS design would break without file descriptor passing?
1. It would be impossible for services to send messages to oklogd.
2. It would be impossible for services to get a TCP connection to a database proxy.",A,0.0,67,A,0.0,67,A,0.0,67,D,0.0,67, A,0.0,67, D,0.0,67, C,0.0,67,C,0.0,67, C,0.0,67, C,0.0,67,A,0.0,67, D,0.0,67, A,0.0,67,C,0.0,67,C,0.0,67,C,0.0,67, D,0.0,67, C,0.0,67,C,0.0,67,A,0.0,67,C,0.0,67,B,1.0,67, A,0.0,67, C,0.0,67, C,0.0,67, C,0.0,67,C,0.0,67, A,0.0,67, C,0.0,67, A,0.0,67,0.18257418583505533,High
94,id84,1. _________ framework made cracking of vulnerabilities easy like point and click.,B,1.0,13,B,1.0,13,B,1.0,13,B,1.0,13, B,1.0,13, B,1.0,13, B,1.0,13,B,1.0,13, B,1.0,13, B,1.0,13,B,1.0,13, B,1.0,13, B,1.0,13,B,1.0,13,B,1.0,13,B,1.0,13, B,1.0,13, B,1.0,13,B,1.0,13,B,1.0,13,B,1.0,13,B,1.0,13, B,1.0,13, B,1.0,13, B,1.0,13, B,1.0,13,B,1.0,13, B,1.0,13, B,1.0,13, A,0.0,13,0.18257418583505536,High
72,id64,What is a web proxy?,A,1.0,6,A,1.0,6,A,1.0,6,A,1.0,6, A,1.0,6, A,1.0,6, A,1.0,6,A,1.0,6, A,1.0,6, A,1.0,6,A,1.0,6, A,1.0,6, A,1.0,6,A,1.0,6,A,1.0,6,A,1.0,6, A,1.0,6, A,1.0,6,A,1.0,6,A,1.0,6,A,1.0,6,A,1.0,6, A,1.0,6, A,1.0,6, A,1.0,6, A,1.0,6,A,1.0,6, A,1.0,6, A,1.0,6, C,0.0,6,0.18257418583505536,High
37,id31,_______________ is the central node of 802.11 wireless operations.,B,1.0,10,B,1.0,10,B,1.0,10,B,1.0,10, B,1.0,10, B,1.0,10, B,1.0,10,B,1.0,10, B,1.0,10, B,1.0,10,B,1.0,10, B,1.0,10, B,1.0,10,B,1.0,10,B,1.0,10,B,1.0,10, B,1.0,10, B,1.0,10,B,1.0,10,B,1.0,10,B,1.0,10,B,1.0,10, B,1.0,10, B,1.0,10, B,1.0,10, B,1.0,10,B,1.0,10, A,0.0,10, B,1.0,10, C,0.0,10,0.2537081317024624,High
81,id72,"A sender must not be able to deny sending a message that was sent, is known as",A,1.0,18,A,1.0,18,A,1.0,18,A,1.0,18, A,1.0,18, B,0.0,18, A,1.0,18,A,1.0,18, A,1.0,18, A,1.0,18,A,1.0,18, A,1.0,18, A,1.0,18,A,1.0,18,A,1.0,18,A,1.0,18, A,1.0,18, A,1.0,18,A,1.0,18,A,1.0,18,A,1.0,18,A,1.0,18, A,1.0,18, A,1.0,18, A,1.0,18, A,1.0,18,A,1.0,18, A,1.0,18, A,1.0,18, D,0.0,18,0.2537081317024625,High
62,id55,Which of the following deals with network intrusion detection and real-time traffic analysis?,C,1.0,14,C,1.0,14,C,1.0,14,C,1.0,14, C,1.0,14, C,1.0,14, C,1.0,14,C,1.0,14, C,1.0,14, C,1.0,14,C,1.0,14, D,0.0,14, C,1.0,14,C,1.0,14,C,1.0,14,C,1.0,14, C,1.0,14, C,1.0,14,C,1.0,14,C,1.0,14,C,1.0,14,C,1.0,14, C,1.0,14, C,1.0,14, C,1.0,14, C,1.0,14,C,1.0,14, A,0.0,14, C,1.0,14, C,1.0,14,0.2537081317024625,High
85,id76,How does a buffer overflow on the stack facilitate running attacker-injected code?,A,1.0,13,A,1.0,13,A,1.0,13,A,1.0,13, A,1.0,13, B,0.0,13, A,1.0,13,A,1.0,13, A,1.0,13, A,1.0,13,A,1.0,13, B,0.0,13, A,1.0,13,A,1.0,13,A,1.0,13,A,1.0,13, A,1.0,13, A,1.0,13,A,1.0,13,A,1.0,13,A,1.0,13,A,1.0,13, A,1.0,13, A,1.0,13, A,1.0,13, A,1.0,13,A,1.0,13, A,1.0,13, A,1.0,13, A,1.0,13,0.2537081317024625,High
39,id33,What is Nmap?,A,1.0,4,A,1.0,4,A,1.0,4,A,1.0,4, A,1.0,4, A,1.0,4, A,1.0,4,A,1.0,4, A,1.0,4, A,1.0,4,A,1.0,4, B,0.0,4, A,1.0,4,A,1.0,4,A,1.0,4,A,1.0,4, D,0.0,4, A,1.0,4,A,1.0,4,A,1.0,4,A,1.0,4,A,1.0,4, A,1.0,4, A,1.0,4, A,1.0,4, A,1.0,4,A,1.0,4, A,1.0,4, A,1.0,4, C,0.0,4,0.30512857662936466,High
64,id57,"When a wireless user authenticates to any AP, both of them go in the course of four-step authentication progression which is called _____________",B,1.0,24,B,1.0,24,B,1.0,24,B,1.0,24, B,1.0,24, B,1.0,24, B,1.0,24,B,1.0,24, B,1.0,24, B,1.0,24,B,1.0,24, C,0.0,24, B,1.0,24,B,1.0,24,B,1.0,24,B,1.0,24, A,0.0,24, B,1.0,24,B,1.0,24,B,1.0,24,B,1.0,24,B,1.0,24, B,1.0,24, B,1.0,24, B,1.0,24, B,1.0,24,B,1.0,24, A,0.0,24, B,1.0,24, B,1.0,24,0.30512857662936466,High
92,id82,____________________ is the anticipation of unauthorized access or break to computers or data by means of wireless networks.,B,1.0,19,B,1.0,19,B,1.0,19,B,1.0,19, B,1.0,19, B,1.0,19, B,1.0,19,B,1.0,19, B,1.0,19, B,1.0,19,B,1.0,19, C,0.0,19, B,1.0,19,B,1.0,19,B,1.0,19,B,1.0,19, C,0.0,19, B,1.0,19,B,1.0,19,B,1.0,19,B,1.0,19,B,1.0,19, B,1.0,19, B,1.0,19, B,1.0,19, B,1.0,19,B,1.0,19, B,1.0,19, B,1.0,19, A,0.0,19,0.30512857662936466,High
63,id56,The Message condentiality or privacy means that the sender and the receiver expect,B,1.0,14,B,1.0,14,B,1.0,14,B,1.0,14, B,1.0,14, B,1.0,14, B,1.0,14,B,1.0,14, B,1.0,14, B,1.0,14,B,1.0,14, A,0.0,14, B,1.0,14,B,1.0,14,B,1.0,14,B,1.0,14, A,0.0,14, B,1.0,14,B,1.0,14,B,1.0,14,B,1.0,14,B,1.0,14, B,1.0,14, B,1.0,14, B,1.0,14, B,1.0,14,B,1.0,14, A,0.0,14, B,1.0,14, B,1.0,14,0.30512857662936466,High
101,id90,What is a nop sled,B,1.0,6,B,1.0,6,B,1.0,6,B,1.0,6, B,1.0,6, B,1.0,6, B,1.0,6,B,1.0,6, B,1.0,6, B,1.0,6,B,1.0,6, A,0.0,6, B,1.0,6,B,1.0,6,B,1.0,6,B,1.0,6, D,0.0,6, B,1.0,6,B,1.0,6,B,1.0,6,B,1.0,6,B,1.0,6, B,1.0,6, B,1.0,6, B,1.0,6, B,1.0,6,B,1.0,6, B,1.0,6, B,1.0,6, D,0.0,6,0.30512857662936466,High
3,id102,Why is it that the compiler does not know the absolute address of a local variable?,C,1.0,17,C,1.0,17,C,1.0,17,C,1.0,17, C,1.0,17, C,1.0,17, C,1.0,17,C,1.0,17, C,1.0,17, C,1.0,17,C,1.0,17, A,0.0,17, C,1.0,17,C,1.0,17,C,1.0,17,C,1.0,17, D,0.0,17, C,1.0,17,C,1.0,17,C,1.0,17,C,1.0,17,C,1.0,17, C,1.0,17, C,1.0,17, C,1.0,17, C,1.0,17,C,1.0,17, A,0.0,17, C,1.0,17, C,1.0,17,0.30512857662936466,High
18,id12,A hash function guarantees the integrity of a message. It guarantees that the message has not be,C,1.0,18,C,1.0,18,C,1.0,18,C,1.0,18, C,1.0,18, C,1.0,18, A,0.0,18,C,1.0,18, C,1.0,18, C,1.0,18,C,1.0,18, B,0.0,18, C,1.0,18,C,1.0,18,C,1.0,18,C,1.0,18, C,1.0,18, C,1.0,18,C,1.0,18,C,1.0,18,C,1.0,18,C,1.0,18, C,1.0,18, C,1.0,18, C,1.0,18, C,1.0,18,C,1.0,18, A,0.0,18, C,1.0,18, B,0.0,18,0.34574590364176033,High
69,id61,Which of the following is a Wireless traffic Sniffing tool?,D,1.0,11,D,1.0,11,D,1.0,11,D,1.0,11, D,1.0,11, B,0.0,11, D,1.0,11,D,1.0,11, D,1.0,11, D,1.0,11,D,1.0,11, A,0.0,11, D,1.0,11,D,1.0,11,D,1.0,11,D,1.0,11, D,1.0,11, D,1.0,11,D,1.0,11,D,1.0,11,D,1.0,11,D,1.0,11, D,1.0,11, D,1.0,11, D,1.0,11, D,1.0,11,D,1.0,11, B,0.0,11, D,1.0,11, A,0.0,11,0.34574590364176033,High
98,id88,What is the difference between a direct leak and a side channel?,C,1.0,13,C,1.0,13,C,1.0,13,C,1.0,13, C,1.0,13, C,1.0,13, C,1.0,13,C,1.0,13, C,1.0,13, C,1.0,13,C,1.0,13, A,0.0,13, C,1.0,13,C,1.0,13,C,1.0,13,C,1.0,13, D,0.0,13, C,1.0,13,C,1.0,13,C,1.0,13,C,1.0,13,C,1.0,13, C,1.0,13, C,1.0,13, C,1.0,13, C,1.0,13,C,1.0,13, B,0.0,13, C,1.0,13, B,0.0,13,0.3457459036417604,High
100,id9,Which of the following does authentication aim to accomplish?,D,1.0,10,D,1.0,10,D,1.0,10,D,1.0,10, D,1.0,10, B,0.0,10, D,1.0,10,D,1.0,10, D,1.0,10, D,1.0,10,D,1.0,10, D,1.0,10, D,1.0,10,D,1.0,10,D,1.0,10,D,1.0,10, A,0.0,10, D,1.0,10,D,1.0,10,D,1.0,10,D,1.0,10,D,1.0,10, D,1.0,10, D,1.0,10, D,1.0,10, D,1.0,10,D,1.0,10, A,0.0,10, D,1.0,10, C,0.0,10,0.3457459036417604,High
84,id75,A special tool is necessary for entering the network which is _______________ that helps the anonymous internet users to access into the Tor’s network and use various Tor services.,D,1.0,30,D,1.0,30,D,1.0,30,D,1.0,30, D,1.0,30, D,1.0,30, D,1.0,30,D,1.0,30, D,1.0,30, D,1.0,30,D,1.0,30, C,0.0,30, D,1.0,30,D,1.0,30,D,1.0,30,D,1.0,30, B,0.0,30, D,1.0,30,D,1.0,30,D,1.0,30,D,1.0,30,D,1.0,30, D,1.0,30, D,1.0,30, D,1.0,30, D,1.0,30,D,1.0,30, B,0.0,30, D,1.0,30, C,0.0,30,0.3457459036417604,High
78,id7,Why is it that anti-virus scanners would not have found an exploitation of Heartbleed?,D,1.0,15,D,1.0,15,D,1.0,15,D,1.0,15, D,1.0,15, D,1.0,15, D,1.0,15,D,1.0,15, D,1.0,15, D,1.0,15,B,0.0,15, D,1.0,15, D,1.0,15,D,1.0,15,D,1.0,15,D,1.0,15, A,0.0,15, D,1.0,15,D,1.0,15,D,1.0,15,D,1.0,15,D,1.0,15, D,1.0,15, D,1.0,15, D,1.0,15, D,1.0,15,D,1.0,15, A,0.0,15, D,1.0,15, C,0.0,15,0.3457459036417604,High
66,id59,Which of the following are most vulnerable to injection attacks?,D,1.0,11,D,1.0,11,D,1.0,11,D,1.0,11, D,1.0,11, D,1.0,11, D,1.0,11,D,1.0,11, D,1.0,11, D,1.0,11,D,1.0,11, C,0.0,11, D,1.0,11,D,1.0,11,D,1.0,11,D,1.0,11, B,0.0,11, D,1.0,11,D,1.0,11,D,1.0,11,D,1.0,11,D,1.0,11, D,1.0,11, D,1.0,11, D,1.0,11, D,1.0,11,D,1.0,11, A,0.0,11, D,1.0,11, C,0.0,11,0.3457459036417604,High
76,id68,A/an ___________ is a program that steals your logins & passwords for instant messaging applications.,A,1.0,16,A,1.0,16,A,1.0,16,A,1.0,16, A,1.0,16, A,1.0,16, C,0.0,16,A,1.0,16, A,1.0,16, A,1.0,16,A,1.0,16, A,1.0,16, A,1.0,16,A,1.0,16,A,1.0,16,A,1.0,16, B,0.0,16, A,1.0,16,A,1.0,16,A,1.0,16,A,1.0,16,A,1.0,16, A,1.0,16, A,1.0,16, A,1.0,16, A,1.0,16,A,1.0,16, D,0.0,16, A,1.0,16, C,0.0,16,0.3457459036417604,High
2,id101,Which among the following is the least strong security encryption standard?,A,1.0,12,A,1.0,12,A,1.0,12,A,1.0,12, A,1.0,12, C,0.0,12, A,1.0,12,A,1.0,12, A,1.0,12, A,1.0,12,A,1.0,12, A,1.0,12, A,1.0,12,A,1.0,12,A,1.0,12,A,1.0,12, B,0.0,12, A,1.0,12,A,1.0,12,A,1.0,12,A,1.0,12,A,1.0,12, A,1.0,12, A,1.0,12, A,1.0,12, A,1.0,12,A,1.0,12, D,0.0,12, A,1.0,12, B,0.0,12,0.3457459036417604,High
107,id96,A __________ is a sequential segment of the memory location that is allocated for containing some data such as a character string or an array of integers.,D,1.0,28,D,1.0,28,D,1.0,28,D,1.0,28, D,1.0,28, D,1.0,28, D,1.0,28,D,1.0,28, D,1.0,28, D,1.0,28,D,1.0,28, C,0.0,28, D,1.0,28,D,1.0,28,D,1.0,28,D,1.0,28, C,0.0,28, D,1.0,28,D,1.0,28,D,1.0,28,D,1.0,28,D,1.0,28, D,1.0,28, D,1.0,28, D,1.0,28, D,1.0,28,D,1.0,28, A,0.0,28, D,1.0,28, C,0.0,28,0.3457459036417604,High
97,id87,"When the data must arrive at the receiver exactly as they were sent, its called",B,1.0,16,B,1.0,16,B,1.0,16,B,1.0,16, B,1.0,16, B,1.0,16, B,1.0,16,B,1.0,16, B,1.0,16, B,1.0,16,B,1.0,16, A,0.0,16, B,1.0,16,B,1.0,16,B,1.0,16,B,1.0,16, B,1.0,16, B,1.0,16,B,1.0,16,B,1.0,16,B,1.0,16,B,1.0,16, A,0.0,16, B,1.0,16, B,1.0,16, B,1.0,16,B,1.0,16, A,0.0,16, B,1.0,16, D,0.0,16,0.3457459036417604,High
25,id19,"In Message Condentiality, the transmitted message must make sense to only intended",A,1.0,13,A,1.0,13,A,1.0,13,A,1.0,13, A,1.0,13, B,0.0,13, A,1.0,13,A,1.0,13, A,1.0,13, A,1.0,13,A,1.0,13, A,1.0,13, A,1.0,13,A,1.0,13,A,1.0,13,A,1.0,13, B,0.0,13, A,1.0,13,A,1.0,13,A,1.0,13,A,1.0,13,A,1.0,13, A,1.0,13, A,1.0,13, A,1.0,13, A,1.0,13,A,1.0,13, B,0.0,13, A,1.0,13, B,0.0,13,0.3457459036417604,High
5,id104,Can a stream cipher have perfect secrecy?,A,0.0,8,A,0.0,8,D,1.0,8,D,1.0,8, A,0.0,8, B,0.0,8, B,0.0,8,B,0.0,8, B,0.0,8, A,0.0,8,B,0.0,8, A,0.0,8, A,0.0,8,D,1.0,8,A,0.0,8,B,0.0,8, C,0.0,8, A,0.0,8,A,0.0,8,B,0.0,8,A,0.0,8,A,0.0,8, A,0.0,8, A,0.0,8, A,0.0,8, B,0.0,8,B,0.0,8, B,0.0,8, B,0.0,8, D,1.0,8,0.34574590364176044,High
71,id63,Which of the following is not a block cipher operating mode?,C,1.0,12,C,1.0,12,C,1.0,12,C,1.0,12, C,1.0,12, A,0.0,12, C,1.0,12,C,1.0,12, C,1.0,12, C,1.0,12,A,0.0,12, C,1.0,12, C,1.0,12,C,1.0,12,C,1.0,12,C,1.0,12, A,0.0,12, C,1.0,12,C,1.0,12,C,1.0,12,C,1.0,12,C,1.0,12, C,1.0,12, C,1.0,12, C,1.0,12, C,1.0,12,C,1.0,12, D,0.0,12, C,1.0,12, C,1.0,12,0.34574590364176044,High
55,id49,Failed sessions allow brute-force attacks on access credentials. This type of attacks are done in which layer of the OSI model?,D,0.0,22,C,1.0,22,C,1.0,22,C,1.0,22, C,1.0,22, C,1.0,22, C,1.0,22,B,0.0,22, C,1.0,22, C,1.0,22,C,1.0,22, A,0.0,22, C,1.0,22,C,1.0,22,C,1.0,22,C,1.0,22, C,1.0,22, C,1.0,22,C,1.0,22,C,1.0,22,C,1.0,22,C,1.0,22, C,1.0,22, C,1.0,22, C,1.0,22, B,0.0,22,C,1.0,22, C,1.0,22, C,1.0,22, C,1.0,22,0.3457459036417605,High
30,id24,"Why apps developed in languages like C, C++ is prone to Buffer-overflow?",A,1.0,13,A,1.0,13,A,1.0,13,A,1.0,13, A,1.0,13, A,1.0,13, B,0.0,13,A,1.0,13, A,1.0,13, A,1.0,13,A,1.0,13, C,0.0,13, A,1.0,13,A,1.0,13,A,1.0,13,A,1.0,13, C,0.0,13, A,1.0,13,A,1.0,13,A,1.0,13,A,1.0,13,A,1.0,13, A,1.0,13, A,1.0,13, A,1.0,13, A,1.0,13,A,1.0,13, A,1.0,13, A,1.0,13, C,0.0,13,0.3457459036417605,High
106,id95,"___________________ is alike as that of Access Point (AP) from 802.11, & the mobile operators uses it for offering signal coverage.",C,1.0,22,C,1.0,22,C,1.0,22,C,1.0,22, C,1.0,22, B,0.0,22, C,1.0,22,C,1.0,22, C,1.0,22, C,1.0,22,C,1.0,22, B,0.0,22, C,1.0,22,C,1.0,22,C,1.0,22,C,1.0,22, D,0.0,22, C,1.0,22,C,1.0,22,C,1.0,22,C,1.0,22,C,1.0,22, C,1.0,22, C,1.0,22, C,1.0,22, C,1.0,22,C,1.0,22, B,0.0,22, C,1.0,22, C,1.0,22,0.3457459036417605,High
104,id93,"In a _____________ attack, the extra data that holds some specific instructions in the memory for actions is projected by a cyber-criminal or penetration tester to crack the system.",C,1.0,30,C,1.0,30,C,1.0,30,C,1.0,30, C,1.0,30, B,0.0,30, C,1.0,30,C,1.0,30, C,1.0,30, C,1.0,30,C,1.0,30, D,0.0,30, C,1.0,30,C,1.0,30,C,1.0,30,C,1.0,30, A,0.0,30, C,1.0,30,C,1.0,30,C,1.0,30,C,1.0,30,C,1.0,30, C,1.0,30, C,1.0,30, C,1.0,30, C,1.0,30,C,1.0,30, A,0.0,30, C,1.0,30, C,1.0,30,0.3457459036417605,High
31,id25,Man in the middle attack can endanger the security of Diffie Hellman method if two parties are not,B,1.0,19,B,1.0,19,B,1.0,19,B,1.0,19, B,1.0,19, B,1.0,19, B,1.0,19,B,1.0,19, B,1.0,19, B,1.0,19,A,0.0,19, A,0.0,19, B,1.0,19,B,1.0,19,B,1.0,19,B,1.0,19, D,0.0,19, B,1.0,19,B,1.0,19,B,1.0,19,B,1.0,19,B,1.0,19, B,1.0,19, B,1.0,19, B,1.0,19, B,1.0,19,B,1.0,19, A,0.0,19, B,1.0,19, B,1.0,19,0.3457459036417605,High
93,id83,Which of the following are benefits of penetration testing?,A,1.0,10,A,1.0,10,A,1.0,10,A,1.0,10, A,1.0,10, B,0.0,10, A,1.0,10,A,1.0,10, A,1.0,10, A,1.0,10,A,1.0,10, C,0.0,10, A,1.0,10,A,1.0,10,A,1.0,10,A,1.0,10, B,0.0,10, B,0.0,10,A,1.0,10,A,1.0,10,A,1.0,10,A,1.0,10, A,1.0,10, A,1.0,10, A,1.0,10, A,1.0,10,A,1.0,10, A,1.0,10, A,1.0,10, A,1.0,10,0.3457459036417605,High
74,id66,Applications developed by programming languages like ____ and ______ have this common buffer-overflow error.,C,1.0,15,C,1.0,15,C,1.0,15,C,1.0,15, C,1.0,15, B,0.0,15, A,0.0,15,C,1.0,15, C,1.0,15, C,1.0,15,C,1.0,15, B,0.0,15, C,1.0,15,C,1.0,15,C,1.0,15,C,1.0,15, C,1.0,15, C,1.0,15,C,1.0,15,C,1.0,15,C,1.0,15,C,1.0,15, C,1.0,15, C,1.0,15, C,1.0,15, C,1.0,15,C,1.0,15, B,0.0,15, C,1.0,15, C,1.0,15,0.3457459036417605,High
29,id23,____________ is also a part of darknet that is employed for transferring files anonymously.,A,1.0,15,A,1.0,15,A,1.0,15,A,1.0,15, A,1.0,15, B,0.0,15, A,1.0,15,A,1.0,15, A,1.0,15, A,1.0,15,A,1.0,15, C,0.0,15, A,1.0,15,A,1.0,15,A,1.0,15,A,1.0,15, B,0.0,15, A,1.0,15,A,1.0,15,A,1.0,15,A,1.0,15,A,1.0,15, A,1.0,15, A,1.0,15, A,1.0,15, A,1.0,15,A,1.0,15, B,0.0,15, A,1.0,15, A,1.0,15,0.3457459036417605,High
27,id21,______________ is a widespread app’s coding mistake made by developers which could be exploited by an attacker for gaining access or malfunctioning your system.,B,1.0,25,B,1.0,25,B,1.0,25,B,1.0,25, B,1.0,25, B,1.0,25, B,1.0,25,B,1.0,25, B,1.0,25, B,1.0,25,B,1.0,25, D,0.0,25, A,0.0,25,B,1.0,25,B,1.0,25,B,1.0,25, D,0.0,25, B,1.0,25,B,1.0,25,B,1.0,25,B,1.0,25,B,1.0,25, B,1.0,25, B,1.0,25, B,1.0,25, B,1.0,25,B,1.0,25, B,1.0,25, B,1.0,25, A,0.0,25,0.3457459036417605,High
51,id45,"Based on the paper “SoK: SSL and HTTPS: Revisiting past challenges and evaluating certificates trust model enhancements”, which of the following statements are false?",A,1.0,25,A,1.0,25,A,1.0,25,A,1.0,25, A,1.0,25, D,0.0,25, D,0.0,25,C,0.0,25, A,1.0,25, A,1.0,25,A,1.0,25, A,1.0,25, A,1.0,25,A,1.0,25,A,1.0,25,A,1.0,25, A,1.0,25, A,1.0,25,A,1.0,25,A,1.0,25,A,1.0,25,A,1.0,25, A,1.0,25, A,1.0,25, A,1.0,25, D,0.0,25,A,1.0,25, A,1.0,25, A,1.0,25, A,1.0,25,0.34574590364176055,Medium
40,id34,How do you prevent SQL injection?,A,1.0,7,A,1.0,7,A,1.0,7,A,1.0,7, A,1.0,7, D,0.0,7, D,0.0,7,A,1.0,7, A,1.0,7, A,1.0,7,A,1.0,7, A,1.0,7, A,1.0,7,A,1.0,7,A,1.0,7,A,1.0,7, C,0.0,7, A,1.0,7,A,1.0,7,A,1.0,7,A,1.0,7,A,1.0,7, A,1.0,7, A,1.0,7, A,1.0,7, A,1.0,7,A,1.0,7, D,0.0,7, A,1.0,7, D,0.0,7,0.3790490217894516,Medium
50,id44,Suppose you want to use fuzzing on a program to try to find memory errors; which of the following statements is true?,C,1.0,23,C,1.0,23,C,1.0,23,C,1.0,23, C,1.0,23, D,0.0,23, D,0.0,23,C,1.0,23, C,1.0,23, C,1.0,23,C,1.0,23, C,1.0,23, C,1.0,23,C,1.0,23,C,1.0,23,C,1.0,23, A,0.0,23, C,1.0,23,C,1.0,23,C,1.0,23,C,1.0,23,C,1.0,23, C,1.0,23, C,1.0,23, C,1.0,23, C,1.0,23,C,1.0,23, B,0.0,23, C,1.0,23, D,0.0,23,0.3790490217894516,Medium
58,id51,"When does a buffer overflow occur, generally speaking?",C,1.0,9,C,1.0,9,C,1.0,9,C,1.0,9, C,1.0,9, D,0.0,9, C,1.0,9,C,1.0,9, C,1.0,9, C,1.0,9,B,0.0,9, B,0.0,9, C,1.0,9,C,1.0,9,C,1.0,9,C,1.0,9, D,0.0,9, C,1.0,9,C,1.0,9,C,1.0,9,C,1.0,9,C,1.0,9, C,1.0,9, C,1.0,9, C,1.0,9, C,1.0,9,C,1.0,9, B,0.0,9, C,1.0,9, C,1.0,9,0.3790490217894516,Medium
36,id30,Which of the following is not a security exploit?,C,1.0,10,C,1.0,10,C,1.0,10,C,1.0,10, C,1.0,10, A,0.0,10, C,1.0,10,C,1.0,10, C,1.0,10, C,1.0,10,A,0.0,10, A,0.0,10, C,1.0,10,C,1.0,10,C,1.0,10,C,1.0,10, B,0.0,10, C,1.0,10,C,1.0,10,C,1.0,10,C,1.0,10,C,1.0,10, C,1.0,10, C,1.0,10, C,1.0,10, C,1.0,10,C,1.0,10, C,1.0,10, C,1.0,10, E,0.0,10,0.3790490217894516,Medium
7,id106,The message must be encrypted at the sender site and decrypted at the,C,1.0,14,C,1.0,14,C,1.0,14,C,1.0,14, C,1.0,14, C,1.0,14, C,1.0,14,C,1.0,14, C,1.0,14, C,1.0,14,A,0.0,14, B,0.0,14, C,1.0,14,C,1.0,14,C,1.0,14,C,1.0,14, A,0.0,14, C,1.0,14,C,1.0,14,C,1.0,14,C,1.0,14,C,1.0,14, C,1.0,14, C,1.0,14, C,1.0,14, C,1.0,14,C,1.0,14, B,0.0,14, C,1.0,14, B,0.0,14,0.3790490217894516,Medium
4,id103,The stack is memory for storing,A,1.0,7,A,1.0,7,A,1.0,7,A,1.0,7, A,1.0,7, B,0.0,7, D,0.0,7,A,1.0,7, A,1.0,7, A,1.0,7,A,1.0,7, A,1.0,7, A,1.0,7,A,1.0,7,A,1.0,7,A,1.0,7, D,0.0,7, A,1.0,7,A,1.0,7,A,1.0,7,A,1.0,7,A,1.0,7, A,1.0,7, A,1.0,7, A,1.0,7, B,0.0,7,A,1.0,7, A,1.0,7, A,1.0,7, C,0.0,7,0.3790490217894516,Medium
90,id80,What is a replay attack?,D,1.0,6,D,1.0,6,D,1.0,6,D,1.0,6, D,1.0,6, B,0.0,6, D,1.0,6,D,1.0,6, D,1.0,6, D,1.0,6,D,1.0,6, D,1.0,6, D,1.0,6,D,1.0,6,D,1.0,6,D,1.0,6, A,0.0,6, D,1.0,6,D,1.0,6,D,1.0,6,D,1.0,6,D,1.0,6, D,1.0,6, D,1.0,6, D,1.0,6, D,1.0,6,C,0.0,6, B,0.0,6, D,1.0,6, C,0.0,6,0.3790490217894517,Medium
109,id98,"Let suppose a search box of an application can take at most 200 words, and you’ve inserted more than that and pressed the search button; the system crashes. Usually this is because of limited __________",A,1.0,36,A,1.0,36,A,1.0,36,A,1.0,36, A,1.0,36, C,0.0,36, A,1.0,36,A,1.0,36, A,1.0,36, A,1.0,36,A,1.0,36, C,0.0,36, A,1.0,36,A,1.0,36,A,1.0,36,A,1.0,36, B,0.0,36, A,1.0,36,A,1.0,36,A,1.0,36,A,1.0,36,A,1.0,36, A,1.0,36, A,1.0,36, A,1.0,36, A,1.0,36,A,1.0,36, B,0.0,36, A,1.0,36, C,0.0,36,0.3790490217894517,Medium
110,id99,___________________ began to show up few years back on wireless access points as a new way of adding or connecting new devices.,C,1.0,23,C,1.0,23,C,1.0,23,C,1.0,23, C,1.0,23, A,0.0,23, C,1.0,23,C,1.0,23, C,1.0,23, C,1.0,23,C,1.0,23, B,0.0,23, C,1.0,23,C,1.0,23,C,1.0,23,C,1.0,23, A,0.0,23, C,1.0,23,C,1.0,23,C,1.0,23,C,1.0,23,C,1.0,23, C,1.0,23, C,1.0,23, C,1.0,23, C,1.0,23,C,1.0,23, B,0.0,23, C,1.0,23, D,0.0,23,0.3790490217894517,Medium
16,id114,"The ______________ can cost you money, by sending text messages from your mobile phone numbers.",C,1.0,16,C,1.0,16,C,1.0,16,C,1.0,16, C,1.0,16, B,0.0,16, C,1.0,16,C,1.0,16, C,1.0,16, C,1.0,16,C,1.0,16, A,0.0,16, C,1.0,16,C,1.0,16,C,1.0,16,C,1.0,16, B,0.0,16, C,1.0,16,C,1.0,16,C,1.0,16,C,1.0,16,C,1.0,16, C,1.0,16, C,1.0,16, C,1.0,16, C,1.0,16,C,1.0,16, B,0.0,16, C,1.0,16, B,0.0,16,0.3790490217894517,Medium
33,id27,"Let HH be a Merkle-Damgard hash function is H:X^{\leq L} \to TH:X^≤L  →T. Construct a MAC from this HH as follows: \ \ S(k,m) = H(k \| m)  S(k,m)=H(k∥m). This mac is insecure because:",B,0.0,35,B,0.0,35,A,0.0,35,B,0.0,35, A,0.0,35, C,1.0,35, A,0.0,35,A,0.0,35, B,0.0,35, A,0.0,35,A,0.0,35, C,1.0,35, A,0.0,35,B,0.0,35,B,0.0,35,A,0.0,35, C,1.0,35, A,0.0,35,A,0.0,35,B,0.0,35,C,1.0,35,A,0.0,35, B,0.0,35, B,0.0,35, B,0.0,35, B,0.0,35,A,0.0,35, B,0.0,35, C,1.0,35, D,0.0,35,0.3790490217894517,Medium
41,id35,"What does it mean to ""be stealthy"" during a penetration test?",D,1.0,12,D,1.0,12,D,1.0,12,D,1.0,12, D,1.0,12, D,1.0,12, C,0.0,12,D,1.0,12, D,1.0,12, D,1.0,12,D,1.0,12, B,0.0,12, D,1.0,12,D,1.0,12,D,1.0,12,D,1.0,12, B,0.0,12, D,1.0,12,D,1.0,12,D,1.0,12,D,1.0,12,D,1.0,12, D,1.0,12, D,1.0,12, D,1.0,12, D,1.0,12,D,1.0,12, B,0.0,12, D,1.0,12, A,0.0,12,0.3790490217894517,Medium
45,id39,Public key encryption is advantageous over Symmetric key Cryptography because of,C,1.0,12,C,1.0,12,C,1.0,12,C,1.0,12, C,1.0,12, C,1.0,12, C,1.0,12,C,1.0,12, C,1.0,12, C,1.0,12,C,1.0,12, A,0.0,12, C,1.0,12,C,1.0,12,C,1.0,12,C,1.0,12, A,0.0,12, C,1.0,12,C,1.0,12,C,1.0,12,C,1.0,12,C,1.0,12, D,0.0,12, C,1.0,12, C,1.0,12, C,1.0,12,C,1.0,12, B,0.0,12, C,1.0,12, D,0.0,12,0.3790490217894517,Medium
73,id65,Buffer-overflow may remain as a bug in apps if __________ are not done fully.,C,1.0,15,C,1.0,15,C,1.0,15,C,1.0,15, C,1.0,15, B,0.0,15, C,1.0,15,C,1.0,15, C,1.0,15, C,1.0,15,B,0.0,15, C,1.0,15, C,1.0,15,C,1.0,15,C,1.0,15,C,1.0,15, C,1.0,15, D,0.0,15,C,1.0,15,C,1.0,15,C,1.0,15,C,1.0,15, C,1.0,15, C,1.0,15, C,1.0,15, C,1.0,15,D,0.0,15, A,0.0,15, C,1.0,15, D,0.0,15,0.4068381021724863,Medium
14,id112,The four Primary Security Principles related to messages are,A,1.0,10,A,1.0,10,A,1.0,10,A,1.0,10, A,1.0,10, A,1.0,10, A,1.0,10,A,1.0,10, B,0.0,10, A,1.0,10,A,1.0,10, A,1.0,10, A,1.0,10,C,0.0,10,A,1.0,10,A,1.0,10, C,0.0,10, A,1.0,10,A,1.0,10,A,1.0,10,C,0.0,10,A,1.0,10, A,1.0,10, A,1.0,10, A,1.0,10, D,0.0,10,A,1.0,10, A,1.0,10, A,1.0,10, B,0.0,10,0.4068381021724863,Medium
65,id58,Message authentication is a service beyond,B,1.0,7,B,1.0,7,B,1.0,7,B,1.0,7, C,0.0,7, B,1.0,7, B,1.0,7,B,1.0,7, B,1.0,7, B,1.0,7,B,1.0,7, D,0.0,7, B,1.0,7,B,1.0,7,B,1.0,7,B,1.0,7, D,0.0,7, B,1.0,7,B,1.0,7,B,1.0,7,B,1.0,7,B,1.0,7, B,1.0,7, B,1.0,7, B,1.0,7, B,1.0,7,B,1.0,7, A,0.0,7, A,0.0,7, A,0.0,7,0.4068381021724863,Medium
103,id92,"Based on the paper “Click Trajectories: End-to-End Analysis of the Spam Value Chain”, which of the following statements are true? “Spammers” here refer to operators of various parts of the “spam value chain.”",D,1.0,34,D,1.0,34,D,1.0,34,D,1.0,34, D,1.0,34, B,0.0,34, D,1.0,34,D,1.0,34, D,1.0,34, D,1.0,34,D,1.0,34, B,0.0,34, D,1.0,34,D,1.0,34,D,1.0,34,B,0.0,34, D,1.0,34, A,0.0,34,D,1.0,34,D,1.0,34,D,1.0,34,D,1.0,34, D,1.0,34, D,1.0,34, D,1.0,34, D,1.0,34,D,1.0,34, B,0.0,34, D,1.0,34, B,0.0,34,0.4068381021724863,Medium
44,id38,"The openSSL implementation described in “Remote Timing Attacks are Practical” (by Brumley and Boneh) uses the following performance optimizations: Chinese Remainder (CR), Montgomery Representation (MR), Karatsuba Multiplication (KM), and Repeated squaring and Sliding windows (RS). Which of the following options would close the timing channel attack described in the paper if you turned the listed optimizations off?
1. RS and KM
2. RS and MR",A,0.0,66,C,0.0,66,A,0.0,66,C,0.0,66, D,1.0,66, D,1.0,66, C,0.0,66,C,0.0,66, C,0.0,66, C,0.0,66,A,0.0,66, D,1.0,66, C,0.0,66,A,0.0,66,B,0.0,66,C,0.0,66, C,0.0,66, D,1.0,66,C,0.0,66,C,0.0,66,C,0.0,66,B,0.0,66, B,0.0,66, D,1.0,66, D,1.0,66, C,0.0,66,C,0.0,66, A,0.0,66, C,0.0,66, C,0.0,66,0.4068381021724863,Medium
15,id113,What was the first buffer overflow attack?,C,1.0,8,C,1.0,8,C,1.0,8,C,1.0,8, C,1.0,8, B,0.0,8, C,1.0,8,C,1.0,8, C,1.0,8, C,1.0,8,A,0.0,8, D,0.0,8, C,1.0,8,C,1.0,8,C,1.0,8,C,1.0,8, A,0.0,8, C,1.0,8,C,1.0,8,C,1.0,8,C,1.0,8,C,1.0,8, C,1.0,8, C,1.0,8, C,1.0,8, C,1.0,8,C,1.0,8, B,0.0,8, C,1.0,8, B,0.0,8,0.4068381021724863,Medium
60,id53,A packet filter firewall filters at the,D,1.0,8,D,1.0,8,D,1.0,8,D,1.0,8, D,1.0,8, B,0.0,8, D,1.0,8,D,1.0,8, D,1.0,8, D,1.0,8,A,0.0,8, B,0.0,8, D,1.0,8,D,1.0,8,D,1.0,8,D,1.0,8, D,1.0,8, D,1.0,8,D,1.0,8,D,1.0,8,D,1.0,8,D,1.0,8, D,1.0,8, D,1.0,8, D,1.0,8, B,0.0,8,D,1.0,8, C,0.0,8, D,1.0,8, B,0.0,8,0.4068381021724863,Medium
96,id86,"The openSSL implementation described in “Remote Timing Attacks are Practical” (by Brumley and Boneh) uses the following performance optimizations: Chinese Remainder (CR), Montgomery Representation (MR), Karatsuba Multiplication (KM), and Repeated squaring and Sliding windows (RS). Which of the following options would close the timing channel attack described in the paper if you turned the listed optimizations off?
1. CR and MR
2. CR",A,1.0,64,C,0.0,64,A,1.0,64,C,0.0,64, D,0.0,64, D,0.0,64, C,0.0,64,C,0.0,64, C,0.0,64, C,0.0,64,A,1.0,64, A,1.0,64, C,0.0,64,A,1.0,64,C,0.0,64,C,0.0,64, A,1.0,64, D,0.0,64,C,0.0,64,C,0.0,64,C,0.0,64,C,0.0,64, C,0.0,64, C,0.0,64, C,0.0,64, C,0.0,64,C,0.0,64, A,1.0,64, C,0.0,64, B,0.0,64,0.4301830671520761,Medium
87,id78,"Let F: K \times R \to MF:K×R→M be a secure PRF. For m \in Mm∈M define E(k,m) = \big[ r \gets R,\ \text{output } \big(r,\ F(k,r) \oplus m\big)\ \big]E(k,m)=[r←R, output (r, F(k,r)⊕m) ] Is EE symantically secure under CPA?",C,1.0,40,B,0.0,40,A,0.0,40,A,0.0,40, A,0.0,40, C,1.0,40, B,0.0,40,A,0.0,40, A,0.0,40, B,0.0,40,B,0.0,40, C,1.0,40, A,0.0,40,C,1.0,40,A,0.0,40,A,0.0,40, C,1.0,40, A,0.0,40,A,0.0,40,B,0.0,40,A,0.0,40,A,0.0,40, A,0.0,40, C,1.0,40, C,1.0,40, A,0.0,40,B,0.0,40, A,0.0,40, A,0.0,40, B,0.0,40,0.43018306715207627,Medium
21,id15,___________ is a process of wireless traffic analysis that may be helpful for forensic investigations or during troubleshooting any wireless issue.,A,1.0,22,A,1.0,22,B,0.0,22,A,1.0,22, A,1.0,22, B,0.0,22, A,1.0,22,B,0.0,22, A,1.0,22, A,1.0,22,A,1.0,22, B,0.0,22, A,1.0,22,A,1.0,22,A,1.0,22,A,1.0,22, D,0.0,22, A,1.0,22,A,1.0,22,B,0.0,22,A,1.0,22,A,1.0,22, A,1.0,22, A,1.0,22, A,1.0,22, A,1.0,22,A,1.0,22, A,1.0,22, A,1.0,22, B,0.0,22,0.43018306715207627,Medium
52,id46,What tool can be used to perform SNMP enumeration?,D,1.0,10,D,1.0,10,D,1.0,10,D,1.0,10, D,1.0,10, C,0.0,10, D,1.0,10,D,1.0,10, D,1.0,10, D,1.0,10,A,0.0,10, C,0.0,10, D,1.0,10,D,1.0,10,D,1.0,10,C,0.0,10, A,0.0,10, D,1.0,10,D,1.0,10,D,1.0,10,D,1.0,10,D,1.0,10, C,0.0,10, D,1.0,10, D,1.0,10, D,1.0,10,D,1.0,10, D,1.0,10, D,1.0,10, C,0.0,10,0.43018306715207627,Medium
102,id91,Which Nmap scan is does not completely open a TCP connection?,A,1.0,12,A,1.0,12,A,1.0,12,A,1.0,12, A,1.0,12, B,0.0,12, B,0.0,12,C,0.0,12, A,1.0,12, A,1.0,12,A,1.0,12, A,1.0,12, A,1.0,12,A,1.0,12,A,1.0,12,A,1.0,12, A,1.0,12, A,1.0,12,D,0.0,12,A,1.0,12,A,1.0,12,A,1.0,12, A,1.0,12, A,1.0,12, A,1.0,12, A,1.0,12,D,0.0,12, B,0.0,12, A,1.0,12, B,0.0,12,0.4301830671520764,Medium
59,id52,A digital signature needs a,C,1.0,6,C,1.0,6,C,1.0,6,C,1.0,6, C,1.0,6, D,0.0,6, C,1.0,6,C,1.0,6, C,1.0,6, C,1.0,6,C,1.0,6, B,0.0,6, C,1.0,6,C,1.0,6,C,1.0,6,C,1.0,6, A,0.0,6, C,1.0,6,C,1.0,6,C,1.0,6,C,1.0,6,C,1.0,6, C,1.0,6, A,0.0,6, A,0.0,6, C,1.0,6,C,1.0,6, A,0.0,6, C,1.0,6, A,0.0,6,0.4301830671520764,Medium
88,id79,Old operating systems like _______ and NT-based systems have buffer-overflow attack a common vulnerability.,D,1.0,15,D,1.0,15,A,0.0,15,D,1.0,15, D,1.0,15, D,1.0,15, D,1.0,15,D,1.0,15, D,1.0,15, D,1.0,15,B,0.0,15, B,0.0,15, D,1.0,15,D,1.0,15,A,0.0,15,D,1.0,15, D,1.0,15, D,1.0,15,D,1.0,15,D,1.0,15,D,1.0,15,A,0.0,15, D,1.0,15, D,1.0,15, D,1.0,15, D,1.0,15,D,1.0,15, A,0.0,15, D,1.0,15, C,0.0,15,0.4301830671520764,Medium
34,id28,"Suppose that Alice and Bob sent confidential text messages to one another last month through an encrypted messaging system. Alice and Bob are worried that an adversary might compromise one of their computers today, while they are taking the 6.858 final exam, and would then be able to decrypt those messages. Which of the following security properties can address Alice and Bob’s concern?",C,1.0,64,C,1.0,64,C,1.0,64,C,1.0,64, C,1.0,64, C,1.0,64, C,1.0,64,C,1.0,64, C,1.0,64, C,1.0,64,D,0.0,64, B,0.0,64, C,1.0,64,C,1.0,64,C,1.0,64,C,1.0,64, A,0.0,64, C,1.0,64,C,1.0,64,C,1.0,64,C,1.0,64,C,1.0,64, C,1.0,64, D,0.0,64, D,0.0,64, C,1.0,64,C,1.0,64, B,0.0,64, C,1.0,64, D,0.0,64,0.4301830671520764,Medium
49,id43,To verify a digital signature we need the,B,1.0,9,B,1.0,9,B,1.0,9,B,1.0,9, B,1.0,9, B,1.0,9, B,1.0,9,B,1.0,9, B,1.0,9, B,1.0,9,B,1.0,9, C,0.0,9, B,1.0,9,B,1.0,9,B,1.0,9,B,1.0,9, C,0.0,9, B,1.0,9,B,1.0,9,B,1.0,9,B,1.0,9,D,0.0,9, B,1.0,9, D,0.0,9, D,0.0,9, D,0.0,9,B,1.0,9, B,1.0,9, B,1.0,9, D,0.0,9,0.4301830671520764,Medium
99,id89,A session symmetric key between two parties is used,C,0.0,10,C,0.0,10,C,0.0,10,A,1.0,10, A,1.0,10, B,0.0,10, C,0.0,10,C,0.0,10, A,1.0,10, C,0.0,10,C,0.0,10, C,0.0,10, A,1.0,10,C,0.0,10,A,1.0,10,C,0.0,10, D,0.0,10, C,0.0,10,C,0.0,10,C,0.0,10,C,0.0,10,A,1.0,10, C,0.0,10, A,1.0,10, A,1.0,10, C,0.0,10,C,0.0,10, B,0.0,10, C,0.0,10, D,0.0,10,0.4497764451088036,Medium
13,id111,Why would a ping sweep be used?,A,1.0,8,B,0.0,8,A,1.0,8,A,1.0,8, A,1.0,8, A,1.0,8, A,1.0,8,A,1.0,8, A,1.0,8, A,1.0,8,A,1.0,8, C,0.0,8, A,1.0,8,A,1.0,8,A,1.0,8,A,1.0,8, B,0.0,8, A,1.0,8,A,1.0,8,B,0.0,8,A,1.0,8,A,1.0,8, A,1.0,8, B,0.0,8, B,0.0,8, A,1.0,8,A,1.0,8, B,0.0,8, A,1.0,8, C,0.0,8,0.44977644510880366,Low
19,id13,Statement 1| U2F is a stronger second factor than sending an SMS code to a user’s smartphone. Statement 2| An attacker that knows a user’s password can easily guess the U2F key to access the user’s account.,A,0.0,38,C,1.0,38,C,1.0,38,C,1.0,38, C,1.0,38, C,1.0,38, D,0.0,38,C,1.0,38, C,1.0,38, C,1.0,38,A,0.0,38, B,0.0,38, C,1.0,38,C,1.0,38,C,1.0,38,C,1.0,38, B,0.0,38, C,1.0,38,C,1.0,38,C,1.0,38,C,1.0,38,C,1.0,38, A,0.0,38, C,1.0,38, C,1.0,38, C,1.0,38,C,1.0,38, A,0.0,38, C,1.0,38, B,0.0,38,0.4497764451088037,Low
9,id108,How is IP address spoofing detected?,B,1.0,7,B,1.0,7,A,0.0,7,A,0.0,7, B,1.0,7, B,1.0,7, B,1.0,7,B,1.0,7, B,1.0,7, B,1.0,7,A,0.0,7, A,0.0,7, B,1.0,7,B,1.0,7,B,1.0,7,B,1.0,7, B,1.0,7, B,1.0,7,B,1.0,7,B,1.0,7,A,0.0,7,A,0.0,7, B,1.0,7, B,1.0,7, B,1.0,7, B,1.0,7,B,1.0,7, A,0.0,7, B,1.0,7, C,0.0,7,0.4497764451088037,Low
38,id32,In MD-5 the length of the message digest is,B,1.0,10,B,1.0,10,B,1.0,10,B,1.0,10, A,0.0,10, B,1.0,10, B,1.0,10,B,1.0,10, B,1.0,10, B,1.0,10,A,0.0,10, B,1.0,10, B,1.0,10,B,1.0,10,B,1.0,10,B,1.0,10, C,0.0,10, B,1.0,10,A,0.0,10,B,1.0,10,A,0.0,10,A,0.0,10, B,1.0,10, B,1.0,10, B,1.0,10, B,1.0,10,B,1.0,10, A,0.0,10, B,1.0,10, D,0.0,10,0.4497764451088037,Low
22,id16,Which of the following styles of fuzzer is more likely to explore paths covering every line of code in the following program?,C,1.0,23,C,1.0,23,C,1.0,23,C,1.0,23, C,1.0,23, D,0.0,23, D,0.0,23,C,1.0,23, C,1.0,23, C,1.0,23,A,0.0,23, C,1.0,23, C,1.0,23,C,1.0,23,C,1.0,23,C,1.0,23, C,1.0,23, D,0.0,23,C,1.0,23,C,1.0,23,A,0.0,23,C,1.0,23, D,0.0,23, C,1.0,23, C,1.0,23, C,1.0,23,D,0.0,23, A,0.0,23, C,1.0,23, B,0.0,23,0.46609159969939895,Low
77,id69,The sub key length at each round of DES is__________,C,0.0,11,C,0.0,11,B,1.0,11,C,0.0,11, C,0.0,11, A,0.0,11, B,1.0,11,B,1.0,11, B,1.0,11, B,1.0,11,B,1.0,11, C,0.0,11, C,0.0,11,C,0.0,11,C,0.0,11,C,0.0,11, D,0.0,11, B,1.0,11,C,0.0,11,C,0.0,11,B,1.0,11,C,0.0,11, B,1.0,11, C,0.0,11, C,0.0,11, D,0.0,11,C,0.0,11, C,0.0,11, C,0.0,11, D,0.0,11,0.46609159969939895,Low
79,id70,Which of the following is true of mutation-based fuzzing?,A,1.0,10,A,1.0,10,A,1.0,10,A,1.0,10, A,1.0,10, B,0.0,10, B,0.0,10,A,1.0,10, B,0.0,10, A,1.0,10,B,0.0,10, D,0.0,10, A,1.0,10,A,1.0,10,A,1.0,10,A,1.0,10, B,0.0,10, A,1.0,10,A,1.0,10,A,1.0,10,A,1.0,10,A,1.0,10, B,0.0,10, A,1.0,10, A,1.0,10, B,0.0,10,B,0.0,10, A,1.0,10, A,1.0,10, A,1.0,10,0.46609159969939895,Low
89,id8,"Suppose we define h(H, m) = E(m, H)h(H,m)=E(m,H). Then the resulting h(\cdot,\cdot)h(⋅,⋅) is not collision resistant: to build a collision (H,m)(H,m) and (H’,m’)(H’,m’) choose random (H,m,m’)(H,m,m’) and construct H’H’ as follows:",C,0.0,32,B,0.0,32,A,1.0,32,A,1.0,32, B,0.0,32, D,0.0,32, C,0.0,32,C,0.0,32, B,0.0,32, A,1.0,32,C,0.0,32, B,0.0,32, C,0.0,32,A,1.0,32,A,1.0,32,C,0.0,32, B,0.0,32, D,0.0,32,C,0.0,32,B,0.0,32,C,0.0,32,A,1.0,32, A,1.0,32, A,1.0,32, A,1.0,32, C,0.0,32,C,0.0,32, B,0.0,32, C,0.0,32, D,0.0,32,0.46609159969939895,Low
48,id42,What does EXE do when the STP solver times out on a constraint query for a particular path?,C,0.0,19,B,1.0,19,A,0.0,19,B,1.0,19, B,1.0,19, D,0.0,19, C,0.0,19,C,0.0,19, B,1.0,19, B,1.0,19,C,0.0,19, C,0.0,19, C,0.0,19,A,0.0,19,A,0.0,19,C,0.0,19, B,1.0,19, C,0.0,19,D,0.0,19,B,1.0,19,C,0.0,19,C,0.0,19, A,0.0,19, C,0.0,19, C,0.0,19, C,0.0,19,C,0.0,19, B,1.0,19, B,1.0,19, A,0.0,19,0.46609159969939895,Low
56,id5,What is penetration testing?,B,1.0,5,B,1.0,5,B,1.0,5,B,1.0,5, B,1.0,5, D,0.0,5, D,0.0,5,D,0.0,5, D,0.0,5, B,1.0,5,B,1.0,5, D,0.0,5, B,1.0,5,B,1.0,5,B,1.0,5,B,1.0,5, A,0.0,5, B,1.0,5,B,1.0,5,B,1.0,5,B,1.0,5,B,1.0,5, D,0.0,5, B,1.0,5, B,1.0,5, D,0.0,5,B,1.0,5, D,0.0,5, B,1.0,5, B,1.0,5,0.46609159969939895,Low
68,id60,"Assume that a TLS connection has been established successfully between a client and a server. Establishing the session included checking the server certificate and executing a DiffieHelmann exchange, but the client did not provide a client certificate. Further, assume that the client and server are honest, that the client and server don’t leak their keys, and that the cryptography is good. Which of the following attacks does TLS protect against?
1. An attacker replacing bytes sent by a client with bytes of the attacker’s own choosing.
2. An attacker reading the plaintext bytes sent by a client.",A,1.0,98,C,0.0,98,C,0.0,98,A,1.0,98, D,0.0,98, B,0.0,98, C,0.0,98,C,0.0,98, C,0.0,98, A,1.0,98,A,1.0,98, D,0.0,98, C,0.0,98,C,0.0,98,A,1.0,98,C,0.0,98, A,1.0,98, C,0.0,98,A,1.0,98,C,0.0,98,A,1.0,98,C,0.0,98, B,0.0,98, C,0.0,98, C,0.0,98, C,0.0,98,C,0.0,98, A,1.0,98, C,0.0,98, C,0.0,98,0.46609159969939895,Low
35,id29,"The AH Protocol provides source authentication and data integrity, but not",B,1.0,12,B,1.0,12,B,1.0,12,B,1.0,12, B,1.0,12, D,0.0,12, D,0.0,12,B,1.0,12, B,1.0,12, B,1.0,12,D,0.0,12, B,1.0,12, B,1.0,12,B,1.0,12,B,1.0,12,B,1.0,12, D,0.0,12, B,1.0,12,B,1.0,12,B,1.0,12,B,1.0,12,B,1.0,12, B,1.0,12, C,0.0,12, C,0.0,12, D,0.0,12,D,0.0,12, D,0.0,12, B,1.0,12, B,1.0,12,0.466091599699399,Low
10,id109,Which of the following is not an example of presentation layer issues?,C,0.0,13,A,0.0,13,A,0.0,13,D,1.0,13, A,0.0,13, D,1.0,13, D,1.0,13,D,1.0,13, C,0.0,13, C,0.0,13,D,1.0,13, C,0.0,13, D,1.0,13,B,0.0,13,D,1.0,13,C,0.0,13, B,0.0,13, C,0.0,13,C,0.0,13,D,1.0,13,C,0.0,13,C,0.0,13, D,1.0,13, C,0.0,13, C,0.0,13, C,0.0,13,A,0.0,13, B,0.0,13, C,0.0,13, D,1.0,13,0.479463301485384,Low
23,id17,"Assume that a TLS connection has been established successfully between a client and a server. Establishing the session included checking the server certificate and executing a DiffieHelmann exchange, but the client did not provide a client certificate. Further, assume that the client and server are honest, that the client and server don’t leak their keys, and that the cryptography is good. Which of the following attacks does TLS protect against?
1. An attacker replaying bytes that a client sent earlier.
2. An attacker impersonating the server.",A,1.0,87,A,1.0,87,A,1.0,87,A,1.0,87, D,0.0,87, B,0.0,87, C,0.0,87,C,0.0,87, C,0.0,87, A,1.0,87,A,1.0,87, D,0.0,87, C,0.0,87,C,0.0,87,A,1.0,87,C,0.0,87, D,0.0,87, C,0.0,87,A,1.0,87,C,0.0,87,A,1.0,87,C,0.0,87, B,0.0,87, C,0.0,87, C,0.0,87, C,0.0,87,C,0.0,87, A,1.0,87, C,0.0,87, B,0.0,87,0.479463301485384,Low
80,id71,What are the types of scanning?,A,0.0,7,B,1.0,7,C,0.0,7,B,1.0,7, B,1.0,7, B,1.0,7, A,0.0,7,B,1.0,7, C,0.0,7, C,0.0,7,A,0.0,7, A,0.0,7, C,0.0,7,B,1.0,7,B,1.0,7,C,0.0,7, C,0.0,7, C,0.0,7,A,0.0,7,B,1.0,7,C,0.0,7,C,0.0,7, C,0.0,7, C,0.0,7, C,0.0,7, A,0.0,7,C,0.0,7, B,1.0,7, B,1.0,7, A,0.0,7,0.479463301485384,Low
91,id81,Statement 1| A U2F USB dongle prevents malware on the user’s computer from stealing the user’s second factor to authenticate as that user even when the user’s computer is turned off. Statement 2| A server using U2F can reliably determine that the user who is attempting to login is indeed behind the computer that sent the login request.,A,0.0,59,C,1.0,59,A,0.0,59,D,0.0,59, A,0.0,59, C,1.0,59, A,0.0,59,C,1.0,59, A,0.0,59, C,1.0,59,A,0.0,59, A,0.0,59, C,1.0,59,A,0.0,59,D,0.0,59,A,0.0,59, D,0.0,59, C,1.0,59,A,0.0,59,C,1.0,59,A,0.0,59,B,0.0,59, A,0.0,59, C,1.0,59, C,1.0,59, C,1.0,59,D,0.0,59, A,0.0,59, A,0.0,59, A,0.0,59,0.4794633014853841,Low
75,id67,"Encryption and decryption provide secrecy, or condentiality, but not",B,1.0,10,B,1.0,10,B,1.0,10,B,1.0,10, D,0.0,10, D,0.0,10, D,0.0,10,D,0.0,10, D,0.0,10, D,0.0,10,D,0.0,10, C,0.0,10, B,1.0,10,D,0.0,10,B,1.0,10,B,1.0,10, All,0.0,10, B,1.0,10,B,1.0,10,B,1.0,10,A,0.0,10,D,0.0,10, D,0.0,10, D,0.0,10, D,0.0,10, D,0.0,10,D,0.0,10, D,0.0,10, D,0.0,10, C,0.0,10,0.4794633014853841,Low
82,id73,A proxy rewall lters at the,D,0.0,7,B,1.0,7,B,1.0,7,B,1.0,7, B,1.0,7, B,1.0,7, B,1.0,7,B,1.0,7, B,1.0,7, B,1.0,7,B,1.0,7, B,1.0,7, B,1.0,7,B,1.0,7,B,1.0,7,D,0.0,7, D,0.0,7, B,1.0,7,D,0.0,7,B,1.0,7,B,1.0,7,D,0.0,7, B,1.0,7, B,1.0,7, B,1.0,7, C,0.0,7,D,0.0,7, C,0.0,7, D,0.0,7, A,0.0,7,0.47946330148538413,Low
26,id20,Which of the following is a remote Trojan?,A,1.0,9,C,0.0,9,C,0.0,9,B,0.0,9, B,0.0,9, D,0.0,9, C,0.0,9,A,1.0,9, C,0.0,9, B,0.0,9,A,1.0,9, C,0.0,9, D,0.0,9,B,0.0,9,B,0.0,9,A,1.0,9, D,0.0,9, C,0.0,9,A,1.0,9,C,0.0,9,B,0.0,9,B,0.0,9, B,0.0,9, A,1.0,9, A,1.0,9, A,1.0,9,D,0.0,9, A,1.0,9, C,0.0,9, A,1.0,9,0.47946330148538413,Low
105,id94,_______________ is a popular tool used for network analysis in multiprotocol diverse network.,A,0.0,14,A,0.0,14,D,1.0,14,A,0.0,14, A,0.0,14, B,0.0,14, A,0.0,14,A,0.0,14, A,0.0,14, D,1.0,14,A,0.0,14, A,0.0,14, D,1.0,14,D,1.0,14,A,0.0,14,A,0.0,14, A,0.0,14, A,0.0,14,D,1.0,14,D,1.0,14,A,0.0,14,D,1.0,14, A,0.0,14, D,1.0,14, D,1.0,14, A,0.0,14,D,1.0,14, B,0.0,14, A,0.0,14, B,0.0,14,0.47946330148538413,Low
95,id85,You are given a message (m) and its OTP encryption (c). Can you compute the OTP key from m and c ?,B,1.0,23,A,0.0,23,A,0.0,23,B,1.0,23, A,0.0,23, B,1.0,23, B,1.0,23,A,0.0,23, A,0.0,23, A,0.0,23,B,1.0,23, A,0.0,23, A,0.0,23,A,0.0,23,B,1.0,23,A,0.0,23, C,0.0,23, B,1.0,23,A,0.0,23,A,0.0,23,A,0.0,23,A,0.0,23, C,0.0,23, B,1.0,23, B,1.0,23, B,1.0,23,B,1.0,23, A,0.0,23, A,0.0,23, A,0.0,23,0.4901325178535609,Low
0,id10,"Assume that a TLS connection has been established successfully between a client and a server. Establishing the session included checking the server certificate and executing a DiffieHelmann exchange, but the client did not provide a client certificate. Further, assume that the client and server are honest, that the client and server don’t leak their keys, and that the cryptography is good. Which of the following attacks does TLS protect against?
1. An attacker stealing the server’s private key and reading the plaintext of recorded past connections.
2. An attacker breaking into a certificate authority and creating a fake certificate for the server.",A,0.0,103,C,1.0,103,C,1.0,103,C,1.0,103, C,1.0,103, B,0.0,103, A,0.0,103,C,1.0,103, C,1.0,103, C,1.0,103,A,0.0,103, D,0.0,103, C,1.0,103,C,1.0,103,C,1.0,103,C,1.0,103, A,0.0,103, C,1.0,103,C,1.0,103,C,1.0,103,A,0.0,103,C,1.0,103, B,0.0,103, C,1.0,103, C,1.0,103, A,0.0,103,C,1.0,103, A,0.0,103, C,1.0,103, B,0.0,103,0.4901325178535609,Low
86,id77,The digest created by a hash function is normally called a,C,0.0,12,A,1.0,12,A,1.0,12,A,1.0,12, C,0.0,12, C,0.0,12, C,0.0,12,A,1.0,12, A,1.0,12, A,1.0,12,C,0.0,12, C,0.0,12, A,1.0,12,A,1.0,12,A,1.0,12,A,1.0,12, A,1.0,12, D,0.0,12,A,1.0,12,A,1.0,12,A,1.0,12,A,1.0,12, C,0.0,12, A,1.0,12, A,1.0,12, C,0.0,12,C,0.0,12, B,0.0,12, A,1.0,12, A,1.0,12,0.4901325178535609,Low
54,id48,"Suppose Unix did not provide a way of passing file descriptors between processes, but still allowed inheriting file descriptors from a parent on fork and exec. What aspects of the OKWS design would break without file descriptor passing?
1. It would be impossible for services to get a TCP connection to the client web browser.
2. It would be impossible for okd to run as a non-root user.",A,0.0,69,A,0.0,69,C,1.0,69,A,0.0,69, A,0.0,69, C,1.0,69, C,1.0,69,C,1.0,69, C,1.0,69, C,1.0,69,A,0.0,69, C,1.0,69, C,1.0,69,C,1.0,69,C,1.0,69,C,1.0,69, D,0.0,69, C,1.0,69,A,0.0,69,A,0.0,69,C,1.0,69,C,1.0,69, A,0.0,69, C,1.0,69, C,1.0,69, C,1.0,69,C,1.0,69, A,0.0,69, C,1.0,69, A,0.0,69,0.4901325178535609,Low
11,id11,Can we build a secure PRP from a secure PRG?,C,0.0,11,B,1.0,11,A,0.0,11,B,1.0,11, D,0.0,11, C,0.0,11, C,0.0,11,B,1.0,11, C,0.0,11, B,1.0,11,A,0.0,11, C,0.0,11, B,1.0,11,B,1.0,11,B,1.0,11,C,0.0,11, A,0.0,11, A,0.0,11,B,1.0,11,B,1.0,11,C,0.0,11,C,0.0,11, C,0.0,11, B,1.0,11, B,1.0,11, B,1.0,11,C,0.0,11, A,0.0,11, C,0.0,11, A,0.0,11,0.4982728791224399,Low
1,id100,What are the port states determined by Nmap?,C,1.0,9,B,0.0,9,B,0.0,9,C,1.0,9, B,0.0,9, B,0.0,9, D,0.0,9,C,1.0,9, B,0.0,9, B,0.0,9,B,0.0,9, C,1.0,9, C,1.0,9,B,0.0,9,C,1.0,9,C,1.0,9, D,0.0,9, B,0.0,9,B,0.0,9,B,0.0,9,C,1.0,9,B,0.0,9, B,0.0,9, C,1.0,9, C,1.0,9, C,1.0,9,B,0.0,9, A,0.0,9, B,0.0,9, C,1.0,9,0.4982728791224399,Low
67,id6,"Suppose a user has an iPhone (running iOS) and downloads an app called Innocent from the Apple App Store and installs it. The user unlocks the phone and runs Innocent. Innocent exploits a bug in the iOS kernel which allows Innocent to redirect execution inside the kernel to code that Innocent controls. Now Innocent can execute any instructions it likes inside the iOS kernel. Innocent is not able to exploit any bugs in the phone’s secure enclave. Can Innocent read the user’s private information stored in the phone’s flash (e.g. Contacts and messages), or will the security measures described in the paper keep the data private? If Innocent is only able to see encrypted data, then the phone has successfully kept the data private. Circle the security features of the phone (if any) that will prevent Innocent from reading information from the flash on the phone.",D,1.0,147,D,1.0,147,D,1.0,147,D,1.0,147, B,0.0,147, D,1.0,147, D,1.0,147,D,1.0,147, D,1.0,147, C,0.0,147,D,1.0,147, D,1.0,147, C,0.0,147,D,1.0,147,D,1.0,147,C,0.0,147, C,0.0,147, D,1.0,147,A,0.0,147,B,0.0,147,A,0.0,147,C,0.0,147, C,0.0,147, D,1.0,147, D,1.0,147, D,1.0,147,D,1.0,147, A,0.0,147, D,1.0,147, C,0.0,147,0.49827287912243995,Low
108,id97,Which form of encryption does WPA use?,C,1.0,8,C,1.0,8,D,0.0,8,C,1.0,8, D,0.0,8, D,0.0,8, C,1.0,8,D,0.0,8, C,1.0,8, C,1.0,8,D,0.0,8, D,0.0,8, C,1.0,8,C,1.0,8,C,1.0,8,C,1.0,8, B,0.0,8, C,1.0,8,D,0.0,8,C,1.0,8,D,0.0,8,C,1.0,8, D,0.0,8, C,1.0,8, C,1.0,8, C,1.0,8,C,1.0,8, B,0.0,8, D,0.0,8, C,1.0,8,0.49827287912243995,Low
83,id74,Encapsulating Security Payload (ESP) belongs to which Internet Security Protocol?,D,0.0,11,B,1.0,11,B,1.0,11,B,1.0,11, D,0.0,11, D,0.0,11, D,0.0,11,B,1.0,11, B,1.0,11, B,1.0,11,A,0.0,11, A,0.0,11, B,1.0,11,B,1.0,11,B,1.0,11,B,1.0,11, C,0.0,11, D,0.0,11,B,1.0,11,B,1.0,11,B,1.0,11,B,1.0,11, D,0.0,11, A,0.0,11, A,0.0,11, D,0.0,11,B,1.0,11, B,1.0,11, B,1.0,11, C,0.0,11,0.5040069329937308,Low
24,id18,MIT’s Kerberos KDC server has a maximum ticket lifetime of 24 hours (for most user principals). What ensures that an expired Kerberos ticket can no longer be used?,C,1.0,29,C,1.0,29,C,1.0,29,C,1.0,29, D,0.0,29, D,0.0,29, C,1.0,29,C,1.0,29, C,1.0,29, D,0.0,29,A,0.0,29, A,0.0,29, C,1.0,29,C,1.0,29,C,1.0,29,D,0.0,29, D,0.0,29, D,0.0,29,D,0.0,29,C,1.0,29,C,1.0,29,C,1.0,29, C,1.0,29, C,1.0,29, C,1.0,29, C,1.0,29,D,0.0,29, B,0.0,29, D,0.0,29, A,0.0,29,0.5040069329937308,Low
42,id36,Which of the following is not a transport layer vulnerability?,D,1.0,11,D,1.0,11,A,0.0,11,D,1.0,11, A,0.0,11, B,0.0,11, C,0.0,11,D,1.0,11, D,1.0,11, D,1.0,11,A,0.0,11, C,0.0,11, D,1.0,11,D,1.0,11,D,1.0,11,A,0.0,11, D,1.0,11, A,0.0,11,D,1.0,11,D,1.0,11,D,1.0,11,A,0.0,11, D,1.0,11, A,0.0,11, A,0.0,11, A,0.0,11,D,1.0,11, B,0.0,11, D,1.0,11, D,1.0,11,0.5040069329937308,Low
43,id37,"In Brumley and Boneh’s paper on side-channel attacks, why does blinding prevent the timing attack from working?",C,1.0,18,D,0.0,18,D,0.0,18,C,1.0,18, C,1.0,18, D,0.0,18, C,1.0,18,C,1.0,18, D,0.0,18, C,1.0,18,C,1.0,18, C,1.0,18, C,1.0,18,C,1.0,18,C,1.0,18,C,1.0,18, C,1.0,18, D,0.0,18,C,1.0,18,D,0.0,18,D,0.0,18,D,0.0,18, D,0.0,18, D,0.0,18, D,0.0,18, D,0.0,18,C,1.0,18, C,1.0,18, D,0.0,18, C,1.0,18,0.5040069329937308,Low
28,id22,"Consider the paper Native Client: A Sandbox for Portable, Untrusted x86 Native Code by Yee et al. Ben Bitdiddle notes that NaCl uses Intel x86 segmentation to ensure that the sandboxed module does not read or write memory outside its own data area, and does not execute instructions outside its own code. Ben thinks that with these restrictions alone, executing the sandboxed module must be safe; that is, he thinks validation is not needed. Ben is wrong. Circle the types of x86 machine instructions that the validator always forbids in sandboxed code. Please ignore trampoline and springboard code.",C,0.0,99,A,1.0,99,A,1.0,99,A,1.0,99, A,1.0,99, A,1.0,99, D,0.0,99,A,1.0,99, D,0.0,99, C,0.0,99,D,0.0,99, C,0.0,99, A,1.0,99,A,1.0,99,A,1.0,99,A,1.0,99, C,0.0,99, C,0.0,99,D,0.0,99,A,1.0,99,A,1.0,99,C,0.0,99, A,1.0,99, A,1.0,99, A,1.0,99, D,0.0,99,D,0.0,99, A,1.0,99, D,0.0,99, C,0.0,99,0.507416263404925,Low
61,id54,"Let I = (S,V)I=(S,V) be a MAC. Suppose S(k,m)S(k,m) is always 5 bits long. Can this MAC be secure?",B,0.0,20,A,1.0,20,A,1.0,20,A,1.0,20, C,0.0,20, B,0.0,20, C,0.0,20,A,1.0,20, B,0.0,20, A,1.0,20,B,0.0,20, C,0.0,20, A,1.0,20,A,1.0,20,A,1.0,20,A,1.0,20, B,0.0,20, A,1.0,20,B,0.0,20,A,1.0,20,C,0.0,20,A,1.0,20, B,0.0,20, A,1.0,20, A,1.0,20, B,0.0,20,B,0.0,20, A,1.0,20, B,0.0,20, A,1.0,20,0.507416263404925,Low
8,id107,"A _________________ may be a hidden part of a program, a separate infected program a Trojan in disguise of an executable or code in the firmware of any system’s hardware.",C,1.0,31,C,1.0,31,C,1.0,31,B,0.0,31, A,0.0,31, B,0.0,31, C,1.0,31,C,1.0,31, C,1.0,31, C,1.0,31,B,0.0,31, B,0.0,31, B,0.0,31,B,0.0,31,C,1.0,31,C,1.0,31, B,0.0,31, C,1.0,31,C,1.0,31,C,1.0,31,B,0.0,31,C,1.0,31, B,0.0,31, B,0.0,31, B,0.0,31, C,1.0,31,C,1.0,31, B,0.0,31, C,1.0,31, B,0.0,31,0.507416263404925,Low
20,id14,"The openSSL implementation described in “Remote Timing Attacks are Practical” (by Brumley and Boneh) uses the following performance optimizations: Chinese Remainder (CR), Montgomery Representation (MR), Karatsuba Multiplication (KM), and Repeated squaring and Sliding windows (RS). Which of the following options would close the timing channel attack described in the paper if you turned the listed optimizations off?
1. CR, MR, KM, and RS.
2. RS",A,0.0,66,C,1.0,66,C,1.0,66,B,0.0,66, D,0.0,66, B,0.0,66, C,1.0,66,C,1.0,66, C,1.0,66, C,1.0,66,A,0.0,66, D,0.0,66, C,1.0,66,A,0.0,66,C,1.0,66,C,1.0,66, B,0.0,66, D,0.0,66,C,1.0,66,C,1.0,66,C,1.0,66,D,0.0,66, C,1.0,66, D,0.0,66, D,0.0,66, C,1.0,66,C,1.0,66, A,0.0,66, C,1.0,66, B,0.0,66,0.507416263404925,Low
53,id47,Which among them has the strongest wireless security?,C,0.0,9,D,1.0,9,C,0.0,9,D,1.0,9, D,1.0,9, C,0.0,9, C,0.0,9,D,1.0,9, C,0.0,9, D,1.0,9,C,0.0,9, B,0.0,9, D,1.0,9,D,1.0,9,D,1.0,9,C,0.0,9, D,1.0,9, D,1.0,9,C,0.0,9,D,1.0,9,C,0.0,9,D,1.0,9, C,0.0,9, D,1.0,9, D,1.0,9, C,0.0,9,C,0.0,9, D,1.0,9, C,0.0,9, C,0.0,9,0.5085476277156078,Low
