,instance_id,input.text,predicted_text_0,stats.quasi_exact_match_0,num_words_0,predicted_text_1,stats.quasi_exact_match_1,num_words_1,predicted_text_2,stats.quasi_exact_match_2,num_words_2,predicted_text_3,stats.quasi_exact_match_3,num_words_3,predicted_text_4,stats.quasi_exact_match_4,num_words_4,predicted_text_5,stats.quasi_exact_match_5,num_words_5,predicted_text_6,stats.quasi_exact_match_6,num_words_6,predicted_text_7,stats.quasi_exact_match_7,num_words_7,predicted_text_8,stats.quasi_exact_match_8,num_words_8,predicted_text_9,stats.quasi_exact_match_9,num_words_9,predicted_text_10,stats.quasi_exact_match_10,num_words_10,predicted_text_11,stats.quasi_exact_match_11,num_words_11,predicted_text_12,stats.quasi_exact_match_12,num_words_12,predicted_text_13,stats.quasi_exact_match_13,num_words_13,predicted_text_14,stats.quasi_exact_match_14,num_words_14,predicted_text_15,stats.quasi_exact_match_15,num_words_15,predicted_text_16,stats.quasi_exact_match_16,num_words_16,predicted_text_17,stats.quasi_exact_match_17,num_words_17,predicted_text_18,stats.quasi_exact_match_18,num_words_18,predicted_text_19,stats.quasi_exact_match_19,num_words_19,predicted_text_20,stats.quasi_exact_match_20,num_words_20,predicted_text_21,stats.quasi_exact_match_21,num_words_21,predicted_text_22,stats.quasi_exact_match_22,num_words_22,predicted_text_23,stats.quasi_exact_match_23,num_words_23,predicted_text_24,stats.quasi_exact_match_24,num_words_24,predicted_text_25,stats.quasi_exact_match_25,num_words_25,predicted_text_26,stats.quasi_exact_match_26,num_words_26,predicted_text_27,stats.quasi_exact_match_27,num_words_27,predicted_text_28,stats.quasi_exact_match_28,num_words_28,predicted_text_29,stats.quasi_exact_match_29,num_words_29,std,agreement_level
39,id49,"Description: The mark ""Netflix"" for an online streaming service.", fanciful,0.0,10,fanciful,0.0,10,arbitrary,0.0,10,arbitrary,0.0,10, fanciful,0.0,10,arbitrary,0.0,10, fanciful,0.0,10,arbitrary,0.0,10, arbitrary ,0.0,10, arbitrary,0.0,10,fanciful,0.0,10,arbitrary,0.0,10,fanciful,0.0,10, fanciful,0.0,10, arbitrary,0.0,10, fanciful,0.0,10, fanciful,0.0,10, arbitrary,0.0,10, arbitrary,0.0,10, descriptive,0.0,10,arbitrary,0.0,10,arbitrary,0.0,10, fanciful,0.0,10,fanciful,0.0,10,fanciful,0.0,10, arbitrary,0.0,10,fanciful,0.0,10,fanciful,0.0,10, fanciful,0.0,10, fanciful,0.0,10,0.0,
36,id46,"Description: The mark ""Airbus"" for an airplane manufacturer.", arbitrary,0.0,9,fanciful,0.0,9,arbitrary,0.0,9,arbitrary,0.0,9, arbitrary,0.0,9,arbitrary,0.0,9, generic,0.0,9,arbitrary,0.0,9, arbitrary ,0.0,9, arbitrary,0.0,9,fanciful,0.0,9,arbitrary,0.0,9,suggestive,1.0,9, arbitrary,0.0,9, arbitrary,0.0,9, arbitrary,0.0,9, arbitrary,0.0,9, arbitrary,0.0,9, arbitrary,0.0,9, arbitrary,0.0,9,arbitrary,0.0,9,fanciful,0.0,9, arbitrary,0.0,9,arbitrary,0.0,9,fanciful,0.0,9, arbitrary,0.0,9,Type: suggestive,0.0,10,arbitrary,0.0,9, arbitrary,0.0,9, arbitrary,0.0,9,0.1825741858350553,Medium
38,id48,"Description: The mark ""Microsoft"" for small computers.", arbitrary,0.0,8,arbitrary,0.0,8,fanciful,0.0,8,arbitrary,0.0,8, arbitrary,0.0,8,arbitrary,0.0,8, arbitrary,0.0,8,arbitrary,0.0,8, arbitrary ,0.0,8, arbitrary,0.0,8,fanciful,0.0,8,arbitrary,0.0,8,suggestive,1.0,8, arbitrary,0.0,8, arbitrary,0.0,8, arbitrary,0.0,8, arbitrary,0.0,8, fanciful,0.0,8, arbitrary,0.0,8, arbitrary,0.0,8,arbitrary,0.0,8,arbitrary,0.0,8, arbitrary,0.0,8,arbitrary,0.0,8,fanciful,0.0,8, arbitrary,0.0,8,Type: fanciful,0.0,9,arbitrary,0.0,8, fanciful,0.0,8, arbitrary,0.0,8,0.1825741858350553,Medium
54,id62,"Description: The mark ""Apple"" for a computer manufacturer.", arbitrary,1.0,9,arbitrary,1.0,9,arbitrary,1.0,9,arbitrary,1.0,9, arbitrary,1.0,9,arbitrary,1.0,9, arbitrary,1.0,9,arbitrary,1.0,9, arbitrary ,1.0,9, arbitrary,1.0,9,arbitrary,1.0,9,arbitrary,1.0,9,arbitrary,1.0,9, arbitrary,1.0,9, arbitrary,1.0,9, arbitrary,1.0,9, arbitrary,1.0,9, arbitrary,1.0,9, arbitrary,1.0,9, arbitrary,1.0,9,arbitrary,1.0,9,arbitrary,1.0,9, arbitrary,1.0,9,arbitrary,1.0,9,arbitrary,1.0,9, arbitrary,1.0,9,Type: arbitrary,0.0,10,arbitrary,1.0,9, fanciful,0.0,9, arbitrary,1.0,9,0.2537081317024625,Medium
35,id45,"Description: The mark ""Jaguar"" for cars.", fanciful,0.0,7,arbitrary,0.0,7,arbitrary,0.0,7,arbitrary,0.0,7, arbitrary,0.0,7,suggestive,1.0,7, descriptive,0.0,7,arbitrary,0.0,7, suggestive,1.0,7, suggestive,1.0,7,arbitrary,0.0,7,arbitrary,0.0,7,arbitrary,0.0,7, arbitrary,0.0,7, arbitrary,0.0,7, arbitrary,0.0,7, arbitrary,0.0,7, arbitrary,0.0,7, arbitrary,0.0,7, descriptive,0.0,7,arbitrary,0.0,7,arbitrary,0.0,7, arbitrary,0.0,7,arbitrary,0.0,7,arbitrary,0.0,7, arbitrary,0.0,7,Type: arbitrary,0.0,8,arbitrary,0.0,7, fanciful,0.0,7, arbitrary,0.0,7,0.30512857662936443,Low
11,id21,"Description: The mark ""Pictures"" for a photography service.", descriptive,0.0,9,descriptive,0.0,9,descriptive,0.0,9,descriptive,0.0,9, generic,1.0,9,descriptive,0.0,9, descriptive,0.0,9,generic,1.0,9, suggestive ,0.0,9, suggestive,0.0,9,descriptive,0.0,9,descriptive,0.0,9,descriptive,0.0,9, descriptive,0.0,9, descriptive,0.0,9, generic,1.0,9, descriptive,0.0,9, descriptive,0.0,9, arbitrary,0.0,9, descriptive,0.0,9,arbitrary,0.0,9,descriptive,0.0,9, descriptive,0.0,9,descriptive,0.0,9,descriptive,0.0,9, fanciful,0.0,9,Type: generic,0.0,10,descriptive,0.0,9, suggestive,0.0,9, descriptive,0.0,9,0.30512857662936455,Low
48,id57,"Description: The mark ""Penguin Appliances"" for air conditioning manufacturer.", arbitrary,0.0,10,arbitrary,0.0,10,arbitrary,0.0,10,arbitrary,0.0,10, arbitrary,0.0,10,suggestive,1.0,10, descriptive,0.0,10,arbitrary,0.0,10, arbitrary ,0.0,10, suggestive,1.0,10,arbitrary,0.0,10,arbitrary,0.0,10,arbitrary,0.0,10, fanciful,0.0,10, descriptive,0.0,10, arbitrary,0.0,10, fanciful,0.0,10, descriptive,0.0,10, arbitrary,0.0,10, descriptive,0.0,10,arbitrary,0.0,10,arbitrary,0.0,10, arbitrary,0.0,10,fanciful,0.0,10,fanciful,0.0,10, arbitrary,0.0,10,Type: arbitrary,0.0,11,suggestive,1.0,10, arbitrary,0.0,10, arbitrary,0.0,10,0.30512857662936466,Low
49,id58,"Description: The mark ""7-Eleven"" for a convenience store that opens at 7am and closes at 11pm.", arbitrary,0.0,17,descriptive,0.0,17,descriptive,0.0,17,arbitrary,0.0,17, arbitrary,0.0,17,suggestive,1.0,17, descriptive,0.0,17,arbitrary,0.0,17, arbitrary ,0.0,17, suggestive,1.0,17,arbitrary,0.0,17,descriptive,0.0,17,descriptive,0.0,17, arbitrary,0.0,17, descriptive,0.0,17, descriptive,0.0,17, arbitrary,0.0,17, arbitrary,0.0,17, descriptive,0.0,17, descriptive,0.0,17,arbitrary,0.0,17,descriptive,0.0,17, descriptive,0.0,17,descriptive,0.0,17,arbitrary,0.0,17, arbitrary,0.0,17,descriptive,0.0,17,suggestive,1.0,17, suggestive,1.0,17, arbitrary,0.0,17,0.34574590364176033,Low
2,id12,"Description: The mark ""H2O"" for bottled water.", generic,1.0,8,descriptive,0.0,8,arbitrary,0.0,8,arbitrary,0.0,8, generic,1.0,8,arbitrary,0.0,8, arbitrary,0.0,8,descriptive,0.0,8, arbitrary ,0.0,8, arbitrary,0.0,8,arbitrary,0.0,8,arbitrary,0.0,8,descriptive,0.0,8, arbitrary,0.0,8, descriptive,0.0,8, suggestive,0.0,8, fanciful,0.0,8, descriptive,0.0,8, generic,1.0,8, arbitrary,0.0,8,arbitrary,0.0,8,descriptive,0.0,8, suggestive,0.0,8,suggestive,0.0,8,generic,1.0,8, fanciful,0.0,8,Type: generic,0.0,9,arbitrary,0.0,8, suggestive,0.0,8, arbitrary,0.0,8,0.3457459036417604,Low
19,id29,"Description: The mark ""Sharp"" for televisions.", suggestive,0.0,7,suggestive,0.0,7,suggestive,0.0,7,arbitrary,0.0,7, arbitrary,0.0,7,arbitrary,0.0,7, descriptive,1.0,7,arbitrary,0.0,7, suggestive ,0.0,7, suggestive,0.0,7,arbitrary,0.0,7,arbitrary,0.0,7,suggestive,0.0,7, arbitrary,0.0,7, descriptive,1.0,7, suggestive,0.0,7, descriptive,1.0,7, suggestive,0.0,7, arbitrary,0.0,7, descriptive,1.0,7,arbitrary,0.0,7,suggestive,0.0,7, suggestive,0.0,7,suggestive,0.0,7,suggestive,0.0,7, arbitrary,0.0,7,suggestive,0.0,7,arbitrary,0.0,7, suggestive,0.0,7, suggestive,0.0,7,0.3457459036417605,Low
43,id52,"Description: The mark ""KitchenAid"" for baking appliances.", arbitrary,0.0,8,fanciful,0.0,8,arbitrary,0.0,8,arbitrary,0.0,8, arbitrary,0.0,8,suggestive,1.0,8, descriptive,0.0,8,arbitrary,0.0,8, suggestive/fanciful ,0.0,8, suggestive,1.0,8,fanciful,0.0,8,arbitrary,0.0,8,descriptive,0.0,8, fanciful,0.0,8, descriptive,0.0,8, suggestive,1.0,8, descriptive,0.0,8, arbitrary,0.0,8, arbitrary,0.0,8, descriptive,0.0,8,arbitrary,0.0,8,fanciful,0.0,8, suggestive,1.0,8,arbitrary,0.0,8,fanciful,0.0,8, arbitrary,0.0,8,Type: suggestive,0.0,9,arbitrary,0.0,8, arbitrary,0.0,8, fanciful,0.0,8,0.3457459036417605,Low
0,id10,"Description: The mark ""Mask"" for cloth that you wear on your face to filter air.", suggestive,0.0,16,descriptive,0.0,16,descriptive,0.0,16,arbitrary,0.0,16, generic,1.0,16,descriptive,0.0,16, descriptive,0.0,16,descriptive,0.0,16, suggestive,0.0,16, suggestive,0.0,16,generic,1.0,16,descriptive,0.0,16,descriptive,0.0,16, descriptive,0.0,16, descriptive,0.0,16, generic,1.0,16, descriptive,0.0,16, descriptive,0.0,16, arbitrary,0.0,16, arbitrary,0.0,16,arbitrary,0.0,16,descriptive,0.0,16, generic,1.0,16,descriptive,0.0,16,descriptive,0.0,16, arbitrary,0.0,16,Type: generic,0.0,17,suggestive,0.0,16, fanciful,0.0,16, descriptive,0.0,16,0.3457459036417605,Low
20,id30,"Description: The mark ""Holiday Inn"" for hotel services.", suggestive,0.0,9,arbitrary,0.0,9,arbitrary,0.0,9,arbitrary,0.0,9, arbitrary,0.0,9,suggestive,0.0,9, descriptive,1.0,9,arbitrary,0.0,9, arbitrary ,0.0,9, suggestive,0.0,9,fanciful,0.0,9,arbitrary,0.0,9,arbitrary,0.0,9, arbitrary,0.0,9, descriptive,1.0,9, arbitrary,0.0,9, descriptive,1.0,9, arbitrary,0.0,9, generic,0.0,9, descriptive,1.0,9,arbitrary,0.0,9,arbitrary,0.0,9, suggestive,0.0,9,suggestive,0.0,9,suggestive,0.0,9, arbitrary,0.0,9,Type: arbitrary,0.0,10,suggestive,0.0,9, fanciful,0.0,9, arbitrary,0.0,9,0.3457459036417605,Low
61,id69,"Description: The mark ""Cheetah"" for a web browser.", arbitrary,0.0,9,arbitrary,0.0,9,suggestive,1.0,9,arbitrary,0.0,9, arbitrary,0.0,9,suggestive,1.0,9, fanciful,0.0,9,arbitrary,0.0,9, suggestive ,1.0,9, suggestive,1.0,9,arbitrary,0.0,9,arbitrary,0.0,9,arbitrary,0.0,9, arbitrary,0.0,9, arbitrary,0.0,9, arbitrary,0.0,9, fanciful,0.0,9, arbitrary,0.0,9, arbitrary,0.0,9, descriptive,0.0,9,arbitrary,0.0,9,arbitrary,0.0,9, arbitrary,0.0,9,suggestive,1.0,9,fanciful,0.0,9, arbitrary,0.0,9,Type: arbitrary,0.0,10,arbitrary,0.0,9, fanciful,0.0,9, arbitrary,0.0,9,0.3790490217894516,Low
4,id14,"Description: The mark ""Monitor"" for a digital display.", suggestive,0.0,9,descriptive,0.0,9,generic,1.0,9,arbitrary,0.0,9, suggestive,0.0,9,generic,1.0,9, arbitrary,0.0,9,descriptive,0.0,9, arbitrary ,0.0,9, suggestive,0.0,9,generic,1.0,9,descriptive,0.0,9,descriptive,0.0,9, descriptive,0.0,9, descriptive,0.0,9, descriptive,0.0,9, descriptive,0.0,9, descriptive,0.0,9, generic,1.0,9, descriptive,0.0,9,arbitrary,0.0,9,descriptive,0.0,9, generic,1.0,9,descriptive,0.0,9,descriptive,0.0,9, arbitrary,0.0,9,descriptive,0.0,9,suggestive,0.0,9, arbitrary,0.0,9, arbitrary,0.0,9,0.3790490217894516,Low
46,id55,"Description: The mark ""CarMax"" for a used car dealership.", suggestive,1.0,10,fanciful,0.0,10,arbitrary,0.0,10,arbitrary,0.0,10, arbitrary,0.0,10,suggestive,1.0,10, descriptive,0.0,10,arbitrary,0.0,10, arbitrary ,0.0,10, suggestive,1.0,10,fanciful,0.0,10,arbitrary,0.0,10,suggestive,1.0,10, arbitrary,0.0,10, descriptive,0.0,10, arbitrary,0.0,10, descriptive,0.0,10, arbitrary,0.0,10, arbitrary,0.0,10, descriptive,0.0,10,arbitrary,0.0,10,suggestive,1.0,10, arbitrary,0.0,10,arbitrary,0.0,10,fanciful,0.0,10, arbitrary,0.0,10,Type: suggestive,0.0,11,suggestive,1.0,10, fanciful,0.0,10, arbitrary,0.0,10,0.4068381021724863,Low
50,id59,"Description: The mark ""Seventeen"" for magazines targeted at teenagers.", arbitrary,0.0,10,arbitrary,0.0,10,arbitrary,0.0,10,arbitrary,0.0,10, arbitrary,0.0,10,suggestive,1.0,10, descriptive,0.0,10,arbitrary,0.0,10, suggestive,1.0,10, arbitrary,0.0,10,arbitrary,0.0,10,arbitrary,0.0,10,suggestive,1.0,10, descriptive,0.0,10, descriptive,0.0,10, descriptive,0.0,10, descriptive,0.0,10, arbitrary,0.0,10, arbitrary,0.0,10, descriptive,0.0,10,arbitrary,0.0,10,arbitrary,0.0,10, suggestive,1.0,10,suggestive,1.0,10,arbitrary,0.0,10, arbitrary,0.0,10,Type: suggestive,0.0,11,arbitrary,0.0,10, suggestive,1.0,10, arbitrary,0.0,10,0.4068381021724863,Low
67,id74,"Description: The mark ""Amazon"" for an online shopping service.", arbitrary,1.0,10,arbitrary,1.0,10,arbitrary,1.0,10,arbitrary,1.0,10, arbitrary,1.0,10,arbitrary,1.0,10, arbitrary,1.0,10,arbitrary,1.0,10, arbitrary ,1.0,10, arbitrary,1.0,10,fanciful,0.0,10,arbitrary,1.0,10,arbitrary,1.0,10, arbitrary,1.0,10, descriptive,0.0,10, arbitrary,1.0,10, arbitrary,1.0,10, arbitrary,1.0,10, arbitrary,1.0,10, descriptive,0.0,10,arbitrary,1.0,10,arbitrary,1.0,10, arbitrary,1.0,10,suggestive,0.0,10,arbitrary,1.0,10, arbitrary,1.0,10,Type: arbitrary,0.0,11,arbitrary,1.0,10, suggestive,0.0,10, arbitrary,1.0,10,0.4068381021724863,Low
73,id8,"Description: The mark ""Food"" for a restaurant.", generic,1.0,8,generic,1.0,8,generic,1.0,8,generic,1.0,8, generic,1.0,8,generic,1.0,8, generic,1.0,8,generic,1.0,8, generic ,1.0,8, generic,1.0,8,generic,1.0,8,generic,1.0,8,generic,1.0,8, generic,1.0,8, descriptive,0.0,8, generic,1.0,8, descriptive,0.0,8, descriptive,0.0,8, generic,1.0,8, descriptive,0.0,8,generic,1.0,8,generic,1.0,8, generic,1.0,8,generic,1.0,8,generic,1.0,8, generic,1.0,8,generic,1.0,8,descriptive,0.0,8, generic,1.0,8, descriptive,0.0,8,0.4068381021724863,Low
33,id43,"Description: The mark ""Chicken of the Sea"" for canned fish.", suggestive,1.0,11,fanciful,0.0,11,descriptive,0.0,11,slogan,0.0,11, fanciful,0.0,11,suggestive,1.0,11, descriptive,0.0,11,arbitrary,0.0,11, generic ,0.0,11, suggestive,1.0,11,fanciful,0.0,11,suggestive,1.0,11,suggestive,1.0,11, fanciful,0.0,11, descriptive,0.0,11, fanciful,0.0,11, fanciful,0.0,11, descriptive,0.0,11, generic,0.0,11, descriptive,0.0,11,generic,0.0,11,arbitrary,0.0,11, fanciful,0.0,11,descriptive,0.0,11,fanciful,0.0,11, fanciful,0.0,11,Type: suggestive,0.0,12,suggestive,1.0,11, generic,0.0,11, fanciful,0.0,11,0.4068381021724863,Low
74,id80,"Description: The mark ""Fever"" for washing detergent.", suggestive,0.0,8,suggestive,0.0,8,suggestive,0.0,8,arbitrary,1.0,8, arbitrary,1.0,8,suggestive,0.0,8, descriptive,0.0,8,suggestive,0.0,8, arbitrary ,1.0,8, suggestive,0.0,8,suggestive,0.0,8,suggestive,0.0,8,arbitrary,1.0,8, descriptive,0.0,8, descriptive,0.0,8, suggestive,0.0,8, descriptive,0.0,8, suggestive,0.0,8, arbitrary,1.0,8, descriptive,0.0,8,arbitrary,1.0,8,suggestive,0.0,8, suggestive,0.0,8,suggestive,0.0,8,suggestive,0.0,8, fanciful,0.0,8,Type: arbitrary,0.0,9,suggestive,0.0,8, suggestive,0.0,8, suggestive,0.0,8,0.4068381021724863,Low
26,id36,"Description: The mark ""Best Washing"" for a laundromat.", descriptive,1.0,9,descriptive,1.0,9,descriptive,1.0,9,arbitrary,0.0,9, suggestive,0.0,9,descriptive,1.0,9, descriptive,1.0,9,descriptive,1.0,9, arbitrary ,0.0,9, suggestive,0.0,9,descriptive,1.0,9,descriptive,1.0,9,descriptive,1.0,9, descriptive,1.0,9, descriptive,1.0,9, descriptive,1.0,9, descriptive,1.0,9, descriptive,1.0,9, descriptive,1.0,9, descriptive,1.0,9,generic,0.0,9,descriptive,1.0,9, descriptive,1.0,9,descriptive,1.0,9,descriptive,1.0,9, descriptive,1.0,9,descriptive,1.0,9,descriptive,1.0,9, suggestive,0.0,9, descriptive,1.0,9,0.4068381021724863,Low
47,id56,"Description: The mark ""Equine Technologies"" for horse hoof pads.", arbitrary,0.0,10,descriptive,0.0,10,descriptive,0.0,10,arbitrary,0.0,10, suggestive,1.0,10,suggestive,1.0,10, descriptive,0.0,10,arbitrary,0.0,10, suggestive,1.0,10, suggestive,1.0,10,arbitrary,0.0,10,descriptive,0.0,10,descriptive,0.0,10, suggestive,1.0,10, descriptive,0.0,10, descriptive,0.0,10, descriptive,0.0,10, descriptive,0.0,10, descriptive,0.0,10, descriptive,0.0,10,arbitrary,0.0,10,descriptive,0.0,10, descriptive,0.0,10,descriptive,0.0,10,descriptive,0.0,10, fanciful,0.0,10,Type: descriptive,0.0,11,suggestive,1.0,10, arbitrary,0.0,10, fanciful,0.0,10,0.4068381021724863,Low
10,id20,"Description: The mark ""Fruit"" for apples.", generic,1.0,7,generic,1.0,7,generic,1.0,7,generic,1.0,7, generic,1.0,7,generic,1.0,7, generic,1.0,7,generic,1.0,7, generic ,1.0,7, suggestive,0.0,7,generic,1.0,7,generic,1.0,7,generic,1.0,7, descriptive,0.0,7, descriptive,0.0,7, generic,1.0,7, descriptive,0.0,7, generic,1.0,7, generic,1.0,7, descriptive,0.0,7,generic,1.0,7,generic,1.0,7, generic,1.0,7,generic,1.0,7,generic,1.0,7, generic,1.0,7,Type: generic,0.0,8,generic,1.0,7, generic,1.0,7, generic,1.0,7,0.4068381021724863,Low
42,id51,"Description: The mark ""Citibank"" for urban financial services.", suggestive,1.0,9,fanciful,0.0,9,arbitrary,0.0,9,arbitrary,0.0,9, arbitrary,0.0,9,arbitrary,0.0,9, arbitrary,0.0,9,arbitrary,0.0,9, arbitrary ,0.0,9, arbitrary,0.0,9,arbitrary,0.0,9,arbitrary,0.0,9,suggestive,1.0,9, arbitrary,0.0,9, descriptive,0.0,9, suggestive,1.0,9, arbitrary,0.0,9, arbitrary,0.0,9, arbitrary,0.0,9, descriptive,0.0,9,arbitrary,0.0,9,fanciful,0.0,9, suggestive,1.0,9,arbitrary,0.0,9,suggestive,1.0,9, arbitrary,0.0,9,Type: arbitrary,0.0,10,suggestive,1.0,9, arbitrary,0.0,9, arbitrary,0.0,9,0.40683810217248634,Low
56,id64,"Description: The mark ""Lotus"" for software.", arbitrary,1.0,7,arbitrary,1.0,7,arbitrary,1.0,7,arbitrary,1.0,7, arbitrary,1.0,7,fanciful,0.0,7, arbitrary,1.0,7,arbitrary,1.0,7, suggestive ,0.0,7, suggestive,0.0,7,arbitrary,1.0,7,arbitrary,1.0,7,arbitrary,1.0,7, arbitrary,1.0,7, descriptive,0.0,7, arbitrary,1.0,7, fanciful,0.0,7, fanciful,0.0,7, arbitrary,1.0,7, descriptive,0.0,7,arbitrary,1.0,7,arbitrary,1.0,7, arbitrary,1.0,7,arbitrary,1.0,7,arbitrary,1.0,7, arbitrary,1.0,7,arbitrary,1.0,7,arbitrary,1.0,7, arbitrary,1.0,7, arbitrary,1.0,7,0.4301830671520762,Low
14,id24,Description: The mark “Sharp” for a television., arbitrary,0.0,8,descriptive,1.0,8,suggestive,0.0,8,arbitrary,0.0,8, arbitrary,0.0,8,arbitrary,0.0,8, descriptive,1.0,8,suggestive,0.0,8, suggestive ,0.0,8, suggestive,0.0,8,arbitrary,0.0,8,arbitrary,0.0,8,suggestive,0.0,8, arbitrary,0.0,8, descriptive,1.0,8, suggestive,0.0,8, descriptive,1.0,8, descriptive,1.0,8, arbitrary,0.0,8, descriptive,1.0,8,arbitrary,0.0,8,descriptive,1.0,8, suggestive,0.0,8,suggestive,0.0,8,suggestive,0.0,8, arbitrary,0.0,8,Type: suggestive,0.0,9,arbitrary,0.0,8, suggestive,0.0,8, suggestive,0.0,8,0.4301830671520762,Low
82,id88,"Description: The mark ""Yoddles"" for a chocolate candy.", fanciful,1.0,9,fanciful,1.0,9,fanciful,1.0,9,fanciful,1.0,9, fanciful,1.0,9,fanciful,1.0,9, descriptive,0.0,9,fanciful,1.0,9, arbitrary ,0.0,9, fanciful,1.0,9,fanciful,1.0,9,arbitrary,0.0,9,fanciful,1.0,9, fanciful,1.0,9, descriptive,0.0,9, fanciful,1.0,9, fanciful,1.0,9, fanciful,1.0,9, arbitrary,0.0,9, descriptive,0.0,9,arbitrary,0.0,9,fanciful,1.0,9, fanciful,1.0,9,fanciful,1.0,9,fanciful,1.0,9, fanciful,1.0,9,fanciful,1.0,9,fanciful,1.0,9, fanciful,1.0,9, fanciful,1.0,9,0.43018306715207627,Low
62,id7,"Description: The mark ""Telephone"" for a portable device you can use to call people.", generic,1.0,15,generic,1.0,15,generic,1.0,15,generic,1.0,15, generic,1.0,15,generic,1.0,15, generic,1.0,15,generic,1.0,15, arbitrary ,0.0,15, generic,1.0,15,generic,1.0,15,generic,1.0,15,generic,1.0,15, generic,1.0,15, descriptive,0.0,15, generic,1.0,15, descriptive,0.0,15, descriptive,0.0,15, generic,1.0,15, descriptive,0.0,15,arbitrary,0.0,15,generic,1.0,15, generic,1.0,15,generic,1.0,15,generic,1.0,15, generic,1.0,15,generic,1.0,15,generic,1.0,15, generic,1.0,15, descriptive,0.0,15,0.43018306715207627,Low
41,id50,"Description: The mark ""Greyhound"" for a high speed bus service.", suggestive,1.0,11,arbitrary,0.0,11,arbitrary,0.0,11,arbitrary,0.0,11, suggestive,1.0,11,suggestive,1.0,11, descriptive,0.0,11,arbitrary,0.0,11, suggestive ,1.0,11, arbitrary,0.0,11,arbitrary,0.0,11,arbitrary,0.0,11,arbitrary,0.0,11, arbitrary,0.0,11, descriptive,0.0,11, suggestive,1.0,11, descriptive,0.0,11, arbitrary,0.0,11, descriptive,0.0,11, descriptive,0.0,11,arbitrary,0.0,11,arbitrary,0.0,11, suggestive,1.0,11,descriptive,0.0,11,arbitrary,0.0,11, generic,0.0,11,Type: arbitrary,0.0,12,suggestive,1.0,11, fanciful,0.0,11, arbitrary,0.0,11,0.43018306715207627,Low
21,id31,"Description: The mark ""Soft"" for pillows.", descriptive,1.0,7,descriptive,1.0,7,descriptive,1.0,7,descriptive,1.0,7," Description: The mark ""Soft"" for pillows.",0.0,12,descriptive,1.0,7, descriptive,1.0,7,descriptive,1.0,7, arbitrary ,0.0,7, suggestive,0.0,7,descriptive,1.0,7,descriptive,1.0,7,descriptive,1.0,7, descriptive,1.0,7, descriptive,1.0,7, descriptive,1.0,7, descriptive,1.0,7, descriptive,1.0,7, descriptive,1.0,7, descriptive,1.0,7,arbitrary,0.0,7,descriptive,1.0,7, descriptive,1.0,7,descriptive,1.0,7,descriptive,1.0,7, descriptive,1.0,7,Type: descriptive,0.0,8,descriptive,1.0,7, suggestive,0.0,7, suggestive,0.0,7,0.4301830671520764,Low
17,id27,"Description: The mark ""Cold and Creamy"" for ice cream desserts.", descriptive,1.0,11,descriptive,1.0,11,descriptive,1.0,11,suggestive,0.0,11, descriptive,1.0,11,descriptive,1.0,11, descriptive,1.0,11,descriptive,1.0,11, suggestive ,0.0,11, suggestive,0.0,11,suggestive,0.0,11,descriptive,1.0,11,descriptive,1.0,11, descriptive,1.0,11, descriptive,1.0,11, descriptive,1.0,11, descriptive,1.0,11, descriptive,1.0,11, descriptive,1.0,11, descriptive,1.0,11,arbitrary,0.0,11,descriptive,1.0,11, descriptive,1.0,11,descriptive,1.0,11,descriptive,1.0,11, descriptive,1.0,11,descriptive,1.0,11,suggestive,0.0,11, suggestive,0.0,11, descriptive,1.0,11,0.4301830671520764,Low
12,id22,"Description: The mark ""Cables"" for electronic wires.", descriptive,0.0,8,descriptive,0.0,8,descriptive,0.0,8,arbitrary,0.0,8, generic,1.0,8,generic,1.0,8, descriptive,0.0,8,generic,1.0,8, arbitrary ,0.0,8, suggestive,0.0,8,generic,1.0,8,descriptive,0.0,8,generic,1.0,8, descriptive,0.0,8, descriptive,0.0,8, generic,1.0,8, descriptive,0.0,8, descriptive,0.0,8, descriptive,0.0,8, descriptive,0.0,8,arbitrary,0.0,8,descriptive,0.0,8, generic,1.0,8,descriptive,0.0,8,descriptive,0.0,8, descriptive,0.0,8,Type: generic,0.0,9,descriptive,0.0,8, generic,1.0,8, descriptive,0.0,8,0.4497764451088035,Low
3,id13,"Description: The mark ""Watch"" for an Apple smartwatch.", fanciful,0.0,9,descriptive,0.0,9,generic,1.0,9,arbitrary,0.0,9, generic,1.0,9,generic,1.0,9, arbitrary,0.0,9,generic,1.0,9, suggestive,0.0,9, suggestive,0.0,9,generic,1.0,9,descriptive,0.0,9,descriptive,0.0,9, arbitrary,0.0,9, descriptive,0.0,9, generic,1.0,9, descriptive,0.0,9, descriptive,0.0,9, arbitrary,0.0,9, descriptive,0.0,9,arbitrary,0.0,9,arbitrary,0.0,9, generic,1.0,9,descriptive,0.0,9,generic,1.0,9, arbitrary,0.0,9,Type: descriptive,0.0,10,suggestive,0.0,9, arbitrary,0.0,9, arbitrary,0.0,9,0.4497764451088035,Low
31,id41,"Description: The mark ""Unique Haircuts"" for a hair salon.", descriptive,1.0,10,descriptive,1.0,10,descriptive,1.0,10,descriptive,1.0,10, suggestive,0.0,10,descriptive,1.0,10, descriptive,1.0,10,descriptive,1.0,10, suggestive,0.0,10, suggestive,0.0,10,descriptive,1.0,10,descriptive,1.0,10,descriptive,1.0,10, descriptive,1.0,10, descriptive,1.0,10, descriptive,1.0,10, descriptive,1.0,10, descriptive,1.0,10, descriptive,1.0,10, descriptive,1.0,10,arbitrary,0.0,10,descriptive,1.0,10, descriptive,1.0,10,descriptive,1.0,10,descriptive,1.0,10, fanciful,0.0,10,Type: descriptive,0.0,11,suggestive,0.0,10, suggestive,0.0,10, descriptive,1.0,10,0.44977644510880355,Low
93,id98,"Description: The mark ""Vit"" for a video conferencing service.", arbitrary,0.0,10,fanciful,1.0,10,arbitrary,0.0,10,arbitrary,0.0,10, arbitrary,0.0,10,arbitrary,0.0,10, arbitrary,0.0,10,fanciful,1.0,10, suggestive ,0.0,10, suggestive,0.0,10,arbitrary,0.0,10,arbitrary,0.0,10,fanciful,1.0,10, fanciful,1.0,10, descriptive,0.0,10, arbitrary,0.0,10, arbitrary,0.0,10, arbitrary,0.0,10, arbitrary,0.0,10, descriptive,0.0,10,arbitrary,0.0,10,arbitrary,0.0,10, arbitrary,0.0,10,arbitrary,0.0,10,fanciful,1.0,10, arbitrary,0.0,10,fanciful,1.0,10,fanciful,1.0,10, suggestive,0.0,10, fanciful,1.0,10,0.44977644510880366,Low
83,id89,"Description: The mark ""Heullga"" for a line of waterbottles.", fanciful,1.0,10,fanciful,1.0,10,fanciful,1.0,10,fanciful,1.0,10, fanciful,1.0,10,fanciful,1.0,10, descriptive,0.0,10,fanciful,1.0,10, arbitrary ,0.0,10, fanciful,1.0,10,fanciful,1.0,10,arbitrary,0.0,10,fanciful,1.0,10, fanciful,1.0,10, descriptive,0.0,10, fanciful,1.0,10, fanciful,1.0,10, fanciful,1.0,10, arbitrary,0.0,10, descriptive,0.0,10,arbitrary,0.0,10,fanciful,1.0,10, fanciful,1.0,10,fanciful,1.0,10,fanciful,1.0,10, fanciful,1.0,10,fanciful,1.0,10,fanciful,1.0,10, arbitrary,0.0,10, fanciful,1.0,10,0.4497764451088037,Low
84,id9,"Description: The mark ""Kerosene"" for packages of flammable liquids used to start fires.", generic,1.0,14,generic,1.0,14,generic,1.0,14,arbitrary,0.0,14, generic,1.0,14,generic,1.0,14, descriptive,0.0,14,generic,1.0,14, arbitrary ,0.0,14, generic,1.0,14,generic,1.0,14,generic,1.0,14,generic,1.0,14, descriptive,0.0,14, descriptive,0.0,14, generic,1.0,14, descriptive,0.0,14, descriptive,0.0,14, generic,1.0,14, descriptive,0.0,14,generic,1.0,14,generic,1.0,14, generic,1.0,14,generic,1.0,14,generic,1.0,14, generic,1.0,14,generic,1.0,14,generic,1.0,14, generic,1.0,14, generic,1.0,14,0.44977644510880377,Low
40,id5,Description: The mark “Salt” for packages of sodium chloride., generic,1.0,10,generic,1.0,10,generic,1.0,10,arbitrary,0.0,10, generic,1.0,10,generic,1.0,10, generic,1.0,10,generic,1.0,10, arbitrary ,0.0,10, descriptive,0.0,10,generic,1.0,10,generic,1.0,10,generic,1.0,10, generic,1.0,10, descriptive,0.0,10, generic,1.0,10, descriptive,0.0,10, descriptive,0.0,10, generic,1.0,10, descriptive,0.0,10,generic,1.0,10,generic,1.0,10, generic,1.0,10,generic,1.0,10,generic,1.0,10, generic,1.0,10,generic,1.0,10,generic,1.0,10, generic,1.0,10, arbitrary,0.0,10,0.44977644510880377,Low
59,id67,"Description: The mark ""Coach"" for luxury accessories.", arbitrary,1.0,8,arbitrary,1.0,8,generic,0.0,8,arbitrary,1.0,8, arbitrary,1.0,8,suggestive,0.0,8, arbitrary,1.0,8,arbitrary,1.0,8, arbitrary ,1.0,8, suggestive,0.0,8,arbitrary,1.0,8,arbitrary,1.0,8,arbitrary,1.0,8, arbitrary,1.0,8, descriptive,0.0,8, arbitrary,1.0,8, fanciful,0.0,8, suggestive,0.0,8, arbitrary,1.0,8, descriptive,0.0,8,arbitrary,1.0,8,arbitrary,1.0,8, arbitrary,1.0,8,arbitrary,1.0,8,arbitrary,1.0,8, arbitrary,1.0,8,arbitrary,1.0,8,arbitrary,1.0,8, fanciful,0.0,8, arbitrary,1.0,8,0.44977644510880377,Low
89,id94,"Description: The mark ""Membles"" for a literature oriented magazine.", fanciful,1.0,10,fanciful,1.0,10,fanciful,1.0,10,fanciful,1.0,10, fanciful,1.0,10,suggestive,0.0,10, fanciful,1.0,10,fanciful,1.0,10, suggestive ,0.0,10, suggestive,0.0,10,fanciful,1.0,10,arbitrary,0.0,10,fanciful,1.0,10, fanciful,1.0,10, arbitrary,0.0,10, fanciful,1.0,10, fanciful,1.0,10, fanciful,1.0,10, arbitrary,0.0,10, descriptive,0.0,10,arbitrary,0.0,10,fanciful,1.0,10, fanciful,1.0,10,fanciful,1.0,10,fanciful,1.0,10, fanciful,1.0,10,fanciful,1.0,10,fanciful,1.0,10, fanciful,1.0,10, fanciful,1.0,10,0.44977644510880377,Low
57,id65,"Description: The mark ""Sun"" for computers.", arbitrary,1.0,7,arbitrary,1.0,7,arbitrary,1.0,7,arbitrary,1.0,7, arbitrary,1.0,7,fanciful,0.0,7, descriptive,0.0,7,arbitrary,1.0,7, arbitrary ,1.0,7, suggestive,0.0,7,arbitrary,1.0,7,arbitrary,1.0,7,arbitrary,1.0,7, arbitrary,1.0,7, descriptive,0.0,7, arbitrary,1.0,7, descriptive,0.0,7, descriptive,0.0,7, arbitrary,1.0,7, descriptive,0.0,7,arbitrary,1.0,7,arbitrary,1.0,7, arbitrary,1.0,7,arbitrary,1.0,7,arbitrary,1.0,7, arbitrary,1.0,7,arbitrary,1.0,7,arbitrary,1.0,7, suggestive,0.0,7, arbitrary,1.0,7,0.44977644510880377,Low
69,id76,"Description: The mark ""Shark"" for a custom t-shirt maker.", arbitrary,1.0,10,arbitrary,1.0,10,suggestive,0.0,10,arbitrary,1.0,10, arbitrary,1.0,10,suggestive,0.0,10, descriptive,0.0,10,arbitrary,1.0,10, suggestive ,0.0,10, suggestive,0.0,10,arbitrary,1.0,10,arbitrary,1.0,10,arbitrary,1.0,10, arbitrary,1.0,10, descriptive,0.0,10, arbitrary,1.0,10, arbitrary,1.0,10, suggestive,0.0,10, arbitrary,1.0,10, arbitrary,1.0,10,arbitrary,1.0,10,arbitrary,1.0,10, arbitrary,1.0,10,fanciful,0.0,10,arbitrary,1.0,10, arbitrary,1.0,10,arbitrary,1.0,10,suggestive,0.0,10, arbitrary,1.0,10, arbitrary,1.0,10,0.46609159969939895,Low
71,id78,"Description: The mark ""Cheetah"" for a brand of wallets.", arbitrary,1.0,10,arbitrary,1.0,10,suggestive,0.0,10,arbitrary,1.0,10, arbitrary,1.0,10,suggestive,0.0,10, descriptive,0.0,10,arbitrary,1.0,10, suggestive,0.0,10, arbitrary,1.0,10,arbitrary,1.0,10,arbitrary,1.0,10,arbitrary,1.0,10, arbitrary,1.0,10, descriptive,0.0,10, arbitrary,1.0,10, fanciful,0.0,10, arbitrary,1.0,10, arbitrary,1.0,10, arbitrary,1.0,10,arbitrary,1.0,10,arbitrary,1.0,10, arbitrary,1.0,10,arbitrary,1.0,10,fanciful,0.0,10, arbitrary,1.0,10,arbitrary,1.0,10,suggestive,0.0,10, fanciful,0.0,10, arbitrary,1.0,10,0.46609159969939895,Low
16,id26,"Description: The mark ""Fresh"" for car deodorizer.", descriptive,1.0,8,descriptive,1.0,8,descriptive,1.0,8,suggested,0.0,8, suggestive,0.0,8,descriptive,1.0,8, descriptive,1.0,8,descriptive,1.0,8, suggestive ,0.0,8, suggestive,0.0,8,descriptive,1.0,8,descriptive,1.0,8,descriptive,1.0,8, descriptive,1.0,8, descriptive,1.0,8, descriptive,1.0,8, descriptive,1.0,8, descriptive,1.0,8, descriptive,1.0,8, descriptive,1.0,8,arbitrary,0.0,8,descriptive,1.0,8, suggestive,0.0,8,descriptive,1.0,8,descriptive,1.0,8, arbitrary,0.0,8,Type: descriptive,0.0,9,descriptive,1.0,8, suggestive,0.0,8, descriptive,1.0,8,0.46609159969939895,Low
64,id71,"Description: The mark ""Daisy"" for a sports car.", fanciful,0.0,9,arbitrary,1.0,9,arbitrary,1.0,9,arbitrary,1.0,9, fanciful,0.0,9,fanciful,0.0,9, descriptive,0.0,9,arbitrary,1.0,9, suggestive,0.0,9, arbitrary,1.0,9,arbitrary,1.0,9,arbitrary,1.0,9,arbitrary,1.0,9, fanciful,0.0,9, arbitrary,1.0,9, arbitrary,1.0,9, fanciful,0.0,9, arbitrary,1.0,9, arbitrary,1.0,9, descriptive,0.0,9,arbitrary,1.0,9,arbitrary,1.0,9, arbitrary,1.0,9,arbitrary,1.0,9,arbitrary,1.0,9, arbitrary,1.0,9,arbitrary,1.0,9,arbitrary,1.0,9, fanciful,0.0,9, arbitrary,1.0,9,0.46609159969939895,Low
30,id40,"Description: The mark ""Party Time!"" for an event planning service.", suggestive,0.0,11,suggestive,0.0,11,descriptive,1.0,11,fanciful,0.0,11, suggestive,0.0,11,suggestive,0.0,11, descriptive,1.0,11,arbitrary,0.0,11, suggestive ,0.0,11, suggestive,0.0,11,fanciful,0.0,11,descriptive,1.0,11,descriptive,1.0,11, fanciful,0.0,11, descriptive,1.0,11, descriptive,1.0,11, descriptive,1.0,11, descriptive,1.0,11, arbitrary,0.0,11, descriptive,1.0,11,arbitrary,0.0,11,suggestive,0.0,11, suggestive,0.0,11,suggestive,0.0,11,suggestive,0.0,11, arbitrary,0.0,11,Type: suggestive,0.0,12,suggestive,0.0,11, suggestive,0.0,11, fanciful,0.0,11,0.46609159969939895,Low
13,id23,"Description: The mark ""Tape"" for adhesive materials.", generic,1.0,8,generic,1.0,8,generic,1.0,8,arbitrary,0.0,8, generic,1.0,8,generic,1.0,8, generic,1.0,8,generic,1.0,8, arbitrary ,0.0,8, generic,1.0,8,generic,1.0,8,generic,1.0,8,descriptive,0.0,8, generic,1.0,8, descriptive,0.0,8, generic,1.0,8, descriptive,0.0,8, descriptive,0.0,8, generic,1.0,8, descriptive,0.0,8,arbitrary,0.0,8,generic,1.0,8, generic,1.0,8,generic,1.0,8,generic,1.0,8, generic,1.0,8,Type: generic,0.0,9,generic,1.0,8, generic,1.0,8, generic,1.0,8,0.466091599699399,Low
25,id35,"Description: The mark ""Speedy"" for a bus service.", descriptive,1.0,9,suggestive,0.0,9,descriptive,1.0,9,arbitrary,0.0,9, suggestive,0.0,9,suggestive,0.0,9, descriptive,1.0,9,suggestive,0.0,9, suggestive ,0.0,9, suggestive,0.0,9,arbitrary,0.0,9,descriptive,1.0,9,suggestive,0.0,9, descriptive,1.0,9, descriptive,1.0,9, suggestive,0.0,9, descriptive,1.0,9, suggestive,0.0,9, arbitrary,0.0,9, descriptive,1.0,9,arbitrary,0.0,9,descriptive,1.0,9, suggestive,0.0,9,suggestive,0.0,9,descriptive,1.0,9, arbitrary,0.0,9,Type: suggestive,0.0,10,suggestive,0.0,9, suggestive,0.0,9, suggestive,0.0,9,0.4794633014853841,Low
81,id87,"Description: The mark ""Moodle"" for an internet search engine.", fanciful,1.0,10,fanciful,1.0,10,arbitrary,0.0,10,arbitrary,0.0,10, fanciful,1.0,10,fanciful,1.0,10, fanciful,1.0,10,fanciful,1.0,10, suggestive,0.0,10, fanciful,1.0,10,fanciful,1.0,10,arbitrary,0.0,10,fanciful,1.0,10, fanciful,1.0,10, descriptive,0.0,10, fanciful,1.0,10, fanciful,1.0,10, fanciful,1.0,10, arbitrary,0.0,10, descriptive,0.0,10,arbitrary,0.0,10,fanciful,1.0,10, fanciful,1.0,10,fanciful,1.0,10,fanciful,1.0,10, arbitrary,0.0,10,fanciful,1.0,10,fanciful,1.0,10, arbitrary,0.0,10, fanciful,1.0,10,0.4794633014853841,Low
90,id95,"Description: The mark ""Sast"" for salad dressing.", fanciful,1.0,8,fanciful,1.0,8,suggestive,0.0,8,arbitrary,0.0,8, invented,0.0,8,suggestive,0.0,8, descriptive,0.0,8,fanciful,1.0,8, suggestive ,0.0,8, suggestive,0.0,8,fanciful,1.0,8,descriptive,0.0,8,fanciful,1.0,8, descriptive,0.0,8, descriptive,0.0,8, fanciful,1.0,8, descriptive,0.0,8, descriptive,0.0,8, arbitrary,0.0,8, descriptive,0.0,8,arbitrary,0.0,8,fanciful,1.0,8, fanciful,1.0,8,descriptive,0.0,8,fanciful,1.0,8, arbitrary,0.0,8,Type: fanciful,0.0,9,fanciful,1.0,8, suggestive,0.0,8, arbitrary,0.0,8,0.4794633014853841,Low
88,id93,"Description: The mark ""Nekmit"" for a line of wedding rings.", fanciful,1.0,11,fanciful,1.0,11,fanciful,1.0,11,arbitrary,0.0,11, fanciful,1.0,11,fanciful,1.0,11, descriptive,0.0,11,fanciful,1.0,11, arbitrary ,0.0,11, fanciful,1.0,11,fanciful,1.0,11,arbitrary,0.0,11,fanciful,1.0,11, fanciful,1.0,11, arbitrary,0.0,11, fanciful,1.0,11, fanciful,1.0,11, arbitrary,0.0,11, arbitrary,0.0,11, arbitrary,0.0,11,arbitrary,0.0,11,fanciful,1.0,11, fanciful,1.0,11,fanciful,1.0,11,fanciful,1.0,11, fanciful,1.0,11,fanciful,1.0,11,fanciful,1.0,11, arbitrary,0.0,11, fanciful,1.0,11,0.4794633014853841,Low
18,id28,"Description: The mark ""International Business Machines"" for a computer manufacturer.", fanciful,0.0,11,descriptive,1.0,11,arbitrary,0.0,11,arbitrary,0.0,11, arbitrary,0.0,11,arbitrary,0.0,11, arbitrary,0.0,11,descriptive,1.0,11, arbitrary ,0.0,11, suggestive,0.0,11,fanciful,0.0,11,arbitrary,0.0,11,descriptive,1.0,11, fanciful,0.0,11, descriptive,1.0,11, descriptive,1.0,11, descriptive,1.0,11, descriptive,1.0,11, arbitrary,0.0,11, arbitrary,0.0,11,arbitrary,0.0,11,descriptive,1.0,11, descriptive,1.0,11,arbitrary,0.0,11,descriptive,1.0,11, fanciful,0.0,11,Type: descriptive,0.0,12,suggestive,0.0,11, arbitrary,0.0,11, arbitrary,0.0,11,0.4794633014853841,Low
32,id42,"Description: The mark ""Coastal Winery"" for varietal wines.", descriptive,1.0,9,descriptive,1.0,9,descriptive,1.0,9,arbitrary,0.0,9," Description: The mark ""Coastal Winery"" for varietal wines.",0.0,16,suggestive,0.0,9, descriptive,1.0,9,descriptive,1.0,9, suggestive,0.0,9, suggestive,0.0,9,fanciful,0.0,9,descriptive,1.0,9,descriptive,1.0,9, descriptive,1.0,9, descriptive,1.0,9, descriptive,1.0,9, descriptive,1.0,9, descriptive,1.0,9, descriptive,1.0,9, descriptive,1.0,9,arbitrary,0.0,9,descriptive,1.0,9, descriptive,1.0,9,descriptive,1.0,9,descriptive,1.0,9, fanciful,0.0,9,descriptive,1.0,9,suggestive,0.0,9, suggestive,0.0,9, descriptive,1.0,9,0.4794633014853841,Low
9,id19,"Description: The mark ""Cutlery"" for eating utencils.", generic,1.0,8,descriptive,0.0,8,generic,1.0,8,generic,1.0,8, generic,1.0,8,generic,1.0,8, generic,1.0,8,generic,1.0,8, arbitrary ,0.0,8, generic,1.0,8,generic,1.0,8,generic,1.0,8,generic,1.0,8, generic,1.0,8, descriptive,0.0,8, generic,1.0,8, descriptive,0.0,8, descriptive,0.0,8, descriptive,0.0,8, descriptive,0.0,8,generic,1.0,8,generic,1.0,8, generic,1.0,8,descriptive,0.0,8,descriptive,0.0,8, generic,1.0,8,generic,1.0,8,generic,1.0,8, generic,1.0,8, descriptive,0.0,8,0.4794633014853841,Low
60,id68,"Description: The mark ""Shell"" for gas stations.", suggestive,0.0,8,arbitrary,1.0,8,arbitrary,1.0,8,arbitrary,1.0,8, arbitrary,1.0,8,suggestive,0.0,8, descriptive,0.0,8,arbitrary,1.0,8, generic ,0.0,8, arbitrary,1.0,8,arbitrary,1.0,8,arbitrary,1.0,8,arbitrary,1.0,8, arbitrary,1.0,8, descriptive,0.0,8, arbitrary,1.0,8, descriptive,0.0,8, arbitrary,1.0,8, generic,0.0,8, descriptive,0.0,8,arbitrary,1.0,8,arbitrary,1.0,8, arbitrary,1.0,8,arbitrary,1.0,8,arbitrary,1.0,8, generic,0.0,8,arbitrary,1.0,8,arbitrary,1.0,8, generic,0.0,8, arbitrary,1.0,8,0.4794633014853841,Low
79,id85,Description: The mark “Balto” for a television streaming service., fanciful,1.0,10,arbitrary,0.0,10,arbitrary,0.0,10,arbitrary,0.0,10, fanciful,1.0,10,arbitrary,0.0,10, descriptive,0.0,10,arbitrary,0.0,10, arbitrary ,0.0,10, arbitrary,0.0,10,arbitrary,0.0,10,arbitrary,0.0,10,arbitrary,0.0,10, fanciful,1.0,10, descriptive,0.0,10, arbitrary,0.0,10, fanciful,1.0,10, arbitrary,0.0,10, arbitrary,0.0,10, arbitrary,0.0,10,arbitrary,0.0,10,arbitrary,0.0,10, arbitrary,0.0,10,fanciful,1.0,10,fanciful,1.0,10, fanciful,1.0,10,arbitrary,0.0,10,fanciful,1.0,10, fanciful,1.0,10, fanciful,1.0,10,0.47946330148538424,Low
70,id77,"Description: The mark ""GreenBull"" for formal wear.", arbitrary,1.0,8,fanciful,0.0,8,suggestive,0.0,8,arbitrary,1.0,8," Description: The mark ""GreenBull"" for formal wear.",0.0,14,suggestive,0.0,8, fanciful,0.0,8,arbitrary,1.0,8, suggestive ,0.0,8, suggestive,0.0,8,fanciful,0.0,8,arbitrary,1.0,8,arbitrary,1.0,8, fanciful,0.0,8, descriptive,0.0,8, arbitrary,1.0,8, fanciful,0.0,8, fanciful,0.0,8, arbitrary,1.0,8, descriptive,0.0,8,arbitrary,1.0,8,fanciful,0.0,8, arbitrary,1.0,8,fanciful,0.0,8,fanciful,0.0,8, arbitrary,1.0,8,Type: arbitrary,0.0,9,suggestive,0.0,8, arbitrary,1.0,8, fanciful,0.0,8,0.4901325178535608,Low
75,id81,"Description: The mark ""Madak"" for a printing company.", fanciful,1.0,9,fanciful,1.0,9,fanciful,1.0,9,arbitrary,0.0,9, fanciful,1.0,9,fanciful,1.0,9, arbitrary,0.0,9,fanciful,1.0,9, arbitrary ,0.0,9, arbitrary,0.0,9,arbitrary,0.0,9,arbitrary,0.0,9,fanciful,1.0,9, fanciful,1.0,9, descriptive,0.0,9, fanciful,1.0,9, descriptive,0.0,9, fanciful,1.0,9, arbitrary,0.0,9, arbitrary,0.0,9,arbitrary,0.0,9,fanciful,1.0,9, fanciful,1.0,9,fanciful,1.0,9,fanciful,1.0,9, fanciful,1.0,9,fanciful,1.0,9,fanciful,1.0,9, fanciful,1.0,9, fanciful,1.0,9,0.4901325178535608,Low
28,id38,"Description: The mark ""American Airlines"" for an air based transporation service.", descriptive,1.0,12,descriptive,1.0,12,arbitrary,0.0,12,arbitrary,0.0,12, arbitrary,0.0,12,suggestive,0.0,12, generic,0.0,12,arbitrary,0.0,12, arbitrary ,0.0,12, suggestive,0.0,12,arbitrary,0.0,12,arbitrary,0.0,12,descriptive,1.0,12, arbitrary,0.0,12, descriptive,1.0,12, descriptive,1.0,12, descriptive,1.0,12, descriptive,1.0,12, arbitrary,0.0,12, arbitrary,0.0,12,arbitrary,0.0,12,descriptive,1.0,12, descriptive,1.0,12,arbitrary,0.0,12,descriptive,1.0,12, arbitrary,0.0,12,descriptive,1.0,12,suggestive,0.0,12, fanciful,0.0,12, arbitrary,0.0,12,0.4901325178535608,Low
72,id79,"Description: The mark ""TidePool"" for treehouse manufacturing company.", arbitrary,1.0,9,suggestive,0.0,9,descriptive,0.0,9,arbitrary,1.0,9, fanciful,0.0,9,suggestive,0.0,9, fanciful,0.0,9,arbitrary,1.0,9, suggestive ,0.0,9, suggestive,0.0,9,fanciful,0.0,9,arbitrary,1.0,9,arbitrary,1.0,9, fanciful,0.0,9, descriptive,0.0,9, arbitrary,1.0,9, fanciful,0.0,9, fanciful,0.0,9, arbitrary,1.0,9, arbitrary,1.0,9,arbitrary,1.0,9,suggestive,0.0,9, arbitrary,1.0,9,fanciful,0.0,9,fanciful,0.0,9, fanciful,0.0,9,arbitrary,1.0,9,suggestive,0.0,9, fanciful,0.0,9, fanciful,0.0,9,0.4901325178535608,Low
58,id66,"Description: The mark ""Camel"" for cigarettes.", arbitrary,1.0,7,arbitrary,1.0,7,arbitrary,1.0,7,arbitrary,1.0,7, arbitrary,1.0,7,suggestive,0.0,7, descriptive,0.0,7,arbitrary,1.0,7, arbitrary ,1.0,7, suggestive,0.0,7,arbitrary,1.0,7,arbitrary,1.0,7,arbitrary,1.0,7, arbitrary,1.0,7, descriptive,0.0,7, arbitrary,1.0,7, suggestive,0.0,7, suggestive,0.0,7, generic,0.0,7, descriptive,0.0,7,arbitrary,1.0,7,arbitrary,1.0,7, arbitrary,1.0,7,suggestive,0.0,7,arbitrary,1.0,7, generic,0.0,7,arbitrary,1.0,7,arbitrary,1.0,7, generic,0.0,7, arbitrary,1.0,7,0.4901325178535609,Low
80,id86,"Description: The mark ""Whatpor"" for an online shopping service.", fanciful,1.0,10,fanciful,1.0,10,fanciful,1.0,10,fanciful,1.0,10, fanciful,1.0,10,suggestive,0.0,10, fanciful,1.0,10,fanciful,1.0,10, suggestive ,0.0,10, suggestive,0.0,10,fanciful,1.0,10,arbitrary,0.0,10,fanciful,1.0,10, fanciful,1.0,10, arbitrary,0.0,10, fanciful,1.0,10, descriptive,0.0,10, fanciful,1.0,10, arbitrary,0.0,10, arbitrary,0.0,10,arbitrary,0.0,10,fanciful,1.0,10, fanciful,1.0,10,fanciful,1.0,10,fanciful,1.0,10, arbitrary,0.0,10,fanciful,1.0,10,fanciful,1.0,10, suggestive,0.0,10, fanciful,1.0,10,0.4901325178535609,Low
92,id97,"Description: The mark ""Lanbe"" for custom wallets.", fanciful,1.0,8,fanciful,1.0,8,fanciful,1.0,8,arbitrary,0.0,8, fanciful,1.0,8,fanciful,1.0,8, fanciful,1.0,8,arbitrary,0.0,8, arbitrary ,0.0,8, suggestive,0.0,8,fanciful,1.0,8,arbitrary,0.0,8,fanciful,1.0,8, fanciful,1.0,8, descriptive,0.0,8, fanciful,1.0,8, fanciful,1.0,8, fanciful,1.0,8, arbitrary,0.0,8, arbitrary,0.0,8,arbitrary,0.0,8,fanciful,1.0,8, fanciful,1.0,8,fanciful,1.0,8,fanciful,1.0,8, fanciful,1.0,8,Type: fanciful,0.0,9,fanciful,1.0,8, arbitrary,0.0,8, fanciful,1.0,8,0.4901325178535609,Low
77,id83,"Description: The mark ""Reloto"" for soda.", fanciful,1.0,7,fanciful,1.0,7,fanciful,1.0,7,fanciful,1.0,7, fanciful,1.0,7,fanciful,1.0,7, descriptive,0.0,7,fanciful,1.0,7, arbitrary ,0.0,7, suggestive,0.0,7,fanciful,1.0,7,arbitrary,0.0,7,fanciful,1.0,7, fanciful,1.0,7, descriptive,0.0,7, fanciful,1.0,7, descriptive,0.0,7, fanciful,1.0,7, arbitrary,0.0,7, descriptive,0.0,7,arbitrary,0.0,7,fanciful,1.0,7, fanciful,1.0,7,arbitrary,0.0,7,fanciful,1.0,7, fanciful,1.0,7,fanciful,1.0,7,fanciful,1.0,7, arbitrary,0.0,7, fanciful,1.0,7,0.4901325178535609,Low
5,id15,"Description: The mark ""Car"" for a line of automobiles.", generic,1.0,10,generic,1.0,10,generic,1.0,10,arbitrary,0.0,10, generic,1.0,10,generic,1.0,10, generic,1.0,10,generic,1.0,10, arbitrary ,0.0,10, suggestive,0.0,10,generic,1.0,10,generic,1.0,10,generic,1.0,10, arbitrary,0.0,10, descriptive,0.0,10, generic,1.0,10, fanciful,0.0,10, arbitrary,0.0,10, generic,1.0,10, arbitrary,0.0,10,arbitrary,0.0,10,generic,1.0,10, generic,1.0,10,descriptive,0.0,10,generic,1.0,10, generic,1.0,10,generic,1.0,10,suggestive,0.0,10, generic,1.0,10, generic,1.0,10,0.4901325178535609,Low
94,id99,"Description: The mark ""Ceath"" for waterguns.", fanciful,1.0,7,fanciful,1.0,7,fanciful,1.0,7,arbitrary,0.0,7, invented,0.0,7,fanciful,1.0,7, arbitrary,0.0,7,fanciful,1.0,7, arbitrary ,0.0,7, fanciful,1.0,7,fanciful,1.0,7,arbitrary,0.0,7,fanciful,1.0,7, fanciful,1.0,7, arbitrary,0.0,7, fanciful,1.0,7, fanciful,1.0,7, fanciful,1.0,7, arbitrary,0.0,7, arbitrary,0.0,7,arbitrary,0.0,7,fanciful,1.0,7, fanciful,1.0,7,fanciful,1.0,7,fanciful,1.0,7, arbitrary,0.0,7,fanciful,1.0,7,fanciful,1.0,7, arbitrary,0.0,7, fanciful,1.0,7,0.4901325178535609,Low
8,id18,"Description: The mark ""Diamond"" for precious stones.", generic,1.0,8,generic,1.0,8,generic,1.0,8,arbitrary,0.0,8, generic,1.0,8,generic,1.0,8, generic,1.0,8,generic,1.0,8, generic ,1.0,8, generic,1.0,8,generic,1.0,8,generic,1.0,8,generic,1.0,8, arbitrary,0.0,8, arbitrary,0.0,8, generic,1.0,8, descriptive,0.0,8, generic,1.0,8, arbitrary,0.0,8, arbitrary,0.0,8,arbitrary,0.0,8,generic,1.0,8, generic,1.0,8,suggestive,0.0,8,generic,1.0,8, generic,1.0,8,generic,1.0,8,arbitrary,0.0,8, fanciful,0.0,8, arbitrary,0.0,8,0.4901325178535609,Low
24,id34,"Description: The mark ""Compact"" for wallets.", suggestive,0.0,7,descriptive,1.0,7,descriptive,1.0,7,arbitrary,0.0,7," Description: The mark ""Compact"" for wallets.",0.0,12,descriptive,1.0,7, descriptive,1.0,7,descriptive,1.0,7, arbitrary ,0.0,7, suggestive,0.0,7,descriptive,1.0,7,descriptive,1.0,7,descriptive,1.0,7, descriptive,1.0,7, descriptive,1.0,7, descriptive,1.0,7, descriptive,1.0,7, descriptive,1.0,7, arbitrary,0.0,7, descriptive,1.0,7,arbitrary,0.0,7,descriptive,1.0,7, descriptive,1.0,7,descriptive,1.0,7,descriptive,1.0,7, arbitrary,0.0,7,Type: suggestive,0.0,8,suggestive,0.0,7, suggestive,0.0,7, descriptive,1.0,7,0.4901325178535609,Low
55,id63,"Description: The mark ""Dove"" for chocolate.", arbitrary,1.0,7,arbitrary,1.0,7,arbitrary,1.0,7,arbitrary,1.0,7, arbitrary,1.0,7,suggestive,0.0,7, descriptive,0.0,7,arbitrary,1.0,7, suggestive,0.0,7, suggestive,0.0,7,arbitrary,1.0,7,arbitrary,1.0,7,arbitrary,1.0,7, arbitrary,1.0,7, descriptive,0.0,7, arbitrary,1.0,7, descriptive,0.0,7, suggestive,0.0,7, arbitrary,1.0,7, descriptive,0.0,7,arbitrary,1.0,7,arbitrary,1.0,7, arbitrary,1.0,7,arbitrary,1.0,7,arbitrary,1.0,7, arbitrary,1.0,7,Type: arbitrary,0.0,8,arbitrary,1.0,7, suggestive,0.0,7, suggestive,0.0,7,0.4901325178535609,Low
66,id73,"Description: The mark ""Penguin"" for a bus service.", arbitrary,1.0,9,arbitrary,1.0,9,arbitrary,1.0,9,arbitrary,1.0,9, arbitrary,1.0,9,suggestive,0.0,9, descriptive,0.0,9,arbitrary,1.0,9, generic ,0.0,9, suggestive,0.0,9,arbitrary,1.0,9,arbitrary,1.0,9,arbitrary,1.0,9, arbitrary,1.0,9, descriptive,0.0,9, arbitrary,1.0,9, fanciful,0.0,9, fanciful,0.0,9, arbitrary,1.0,9, descriptive,0.0,9,arbitrary,1.0,9,arbitrary,1.0,9, arbitrary,1.0,9,fanciful,0.0,9,arbitrary,1.0,9, arbitrary,1.0,9,Type: arbitrary,0.0,10,arbitrary,1.0,9, fanciful,0.0,9, arbitrary,1.0,9,0.4901325178535609,Low
63,id70,"Description: The mark ""Oxygen"" for a line of pillows.", generic,0.0,10,arbitrary,1.0,10,descriptive,0.0,10,arbitrary,1.0,10, arbitrary,1.0,10,generic,0.0,10, descriptive,0.0,10,arbitrary,1.0,10, arbitrary ,1.0,10, suggestive,0.0,10,arbitrary,1.0,10,descriptive,0.0,10,arbitrary,1.0,10, descriptive,0.0,10, descriptive,0.0,10, arbitrary,1.0,10, fanciful,0.0,10, descriptive,0.0,10, arbitrary,1.0,10, descriptive,0.0,10,arbitrary,1.0,10,suggestive,0.0,10, arbitrary,1.0,10,descriptive,0.0,10,suggestive,0.0,10, arbitrary,1.0,10,Type: arbitrary,0.0,11,suggestive,0.0,10, suggestive,0.0,10, suggestive,0.0,10,0.4982728791224399,Low
91,id96,"Description: The mark ""Antilds"" for plant seeds.", fanciful,1.0,8,fanciful,1.0,8,fanciful,1.0,8,arbitrary,0.0,8, fanciful,1.0,8,fanciful,1.0,8, descriptive,0.0,8,fanciful,1.0,8, arbitrary ,0.0,8, suggestive,0.0,8,fanciful,1.0,8,arbitrary,0.0,8,fanciful,1.0,8, fanciful,1.0,8, descriptive,0.0,8, fanciful,1.0,8, fanciful,1.0,8, descriptive,0.0,8, arbitrary,0.0,8, descriptive,0.0,8,arbitrary,0.0,8,fanciful,1.0,8, fanciful,1.0,8,descriptive,0.0,8,fanciful,1.0,8, fanciful,1.0,8,fanciful,1.0,8,fanciful,1.0,8, generic,0.0,8, fanciful,1.0,8,0.4982728791224399,Low
87,id92,"Description: The mark ""Oamp"" for baseball bats.", fanciful,1.0,8,fanciful,1.0,8,fanciful,1.0,8,arbitrary,0.0,8, fanciful,1.0,8,fanciful,1.0,8, arbitrary,0.0,8,fanciful,1.0,8, arbitrary ,0.0,8, suggestive,0.0,8,fanciful,1.0,8,arbitrary,0.0,8,fanciful,1.0,8, fanciful,1.0,8, descriptive,0.0,8, fanciful,1.0,8, fanciful,1.0,8, descriptive,0.0,8, arbitrary,0.0,8, descriptive,0.0,8,arbitrary,0.0,8,fanciful,1.0,8, fanciful,1.0,8,arbitrary,0.0,8,fanciful,1.0,8, arbitrary,0.0,8,fanciful,1.0,8,fanciful,1.0,8, fanciful,1.0,8, fanciful,1.0,8,0.4982728791224399,Low
85,id90,"Description: The mark ""Kalp"" for a consulting services company.", fanciful,1.0,10,fanciful,1.0,10,fanciful,1.0,10,arbitrary,0.0,10, fanciful,1.0,10,arbitrary,0.0,10, arbitrary,0.0,10,fanciful,1.0,10, arbitrary ,0.0,10, fanciful,1.0,10,arbitrary,0.0,10,arbitrary,0.0,10,fanciful,1.0,10, fanciful,1.0,10, descriptive,0.0,10, fanciful,1.0,10, fanciful,1.0,10, fanciful,1.0,10, arbitrary,0.0,10, arbitrary,0.0,10,arbitrary,0.0,10,fanciful,1.0,10, fanciful,1.0,10,fanciful,1.0,10,fanciful,1.0,10, fanciful,1.0,10,Type: fanciful,0.0,11,fanciful,1.0,10, arbitrary,0.0,10, fanciful,1.0,10,0.4982728791224399,Low
76,id82,"Description: The mark ""Yuteal"" for cleaning wipes.", fanciful,1.0,8,fanciful,1.0,8,fanciful,1.0,8,arbitrary,0.0,8, fanciful,1.0,8,suggestive,0.0,8, descriptive,0.0,8,fanciful,1.0,8, arbitrary ,0.0,8, suggestive,0.0,8,fanciful,1.0,8,arbitrary,0.0,8,fanciful,1.0,8, fanciful,1.0,8, descriptive,0.0,8, fanciful,1.0,8, fanciful,1.0,8, fanciful,1.0,8, arbitrary,0.0,8, descriptive,0.0,8,arbitrary,0.0,8,fanciful,1.0,8, fanciful,1.0,8,fanciful,1.0,8,fanciful,1.0,8, fanciful,1.0,8,Type: fanciful,0.0,9,fanciful,1.0,8, arbitrary,0.0,8, fanciful,1.0,8,0.4982728791224399,Low
44,id53,"Description: The mark ""Quick Green"" for grass seed.", suggestive,1.0,9,descriptive,0.0,9,descriptive,0.0,9,suggested,0.0,9, suggestive,1.0,9,descriptive,0.0,9, descriptive,0.0,9,suggestive,1.0,9, suggestive,1.0,9, suggestive,1.0,9,suggestive,1.0,9,descriptive,0.0,9,descriptive,0.0,9, descriptive,0.0,9, descriptive,0.0,9, suggestive,1.0,9, descriptive,0.0,9, descriptive,0.0,9, descriptive,0.0,9, descriptive,0.0,9,arbitrary,0.0,9,descriptive,0.0,9, suggestive,1.0,9,descriptive,0.0,9,suggestive,1.0,9, arbitrary,0.0,9,Type: descriptive,0.0,10,suggestive,1.0,9, suggestive,1.0,9, suggestive,1.0,9,0.4982728791224399,Low
34,id44,"Description: The mark ""Coppertone"" for suntan oil.", suggestive,1.0,8,suggestive,1.0,8,arbitrary,0.0,8,arbitrary,0.0,8, arbitrary,0.0,8,suggestive,1.0,8, descriptive,0.0,8,arbitrary,0.0,8, suggestive/suggestive ,0.0,8, suggestive,1.0,8,fanciful,0.0,8,arbitrary,0.0,8,suggestive,1.0,8, arbitrary,0.0,8, descriptive,0.0,8, suggestive,1.0,8, descriptive,0.0,8, descriptive,0.0,8, generic,0.0,8, descriptive,0.0,8,generic,0.0,8,suggestive,1.0,8, suggestive,1.0,8,suggestive,1.0,8,fanciful,0.0,8, arbitrary,0.0,8,Type: suggestive,0.0,9,suggestive,1.0,8, suggestive,1.0,8, suggestive,1.0,8,0.49827287912243995,Low
27,id37,"Description: The mark ""Kold and Kreamy"" for milkshakes.", descriptive,1.0,9,descriptive,1.0,9,descriptive,1.0,9,fanciful,0.0,9, suggestive,0.0,9,suggestive,0.0,9, descriptive,1.0,9,arbitrary,0.0,9, suggestive,0.0,9, suggestive,0.0,9,fanciful,0.0,9,descriptive,1.0,9,descriptive,1.0,9, descriptive,1.0,9, descriptive,1.0,9, suggestive,0.0,9, descriptive,1.0,9, descriptive,1.0,9, arbitrary,0.0,9, descriptive,1.0,9,arbitrary,0.0,9,descriptive,1.0,9, suggestive,0.0,9,descriptive,1.0,9,fanciful,0.0,9, fanciful,0.0,9,Type: suggestive,0.0,10,suggestive,0.0,9, suggestive,0.0,9, fanciful,0.0,9,0.5040069329937308,Low
45,id54,"Description: The mark ""Public Eye"" for a weekly tabloid publication.", arbitrary,0.0,11,descriptive,0.0,11,descriptive,0.0,11,arbitrary,0.0,11, suggestive,1.0,11,suggestive,1.0,11, descriptive,0.0,11,suggestive,1.0,11, arbitrary ,0.0,11, suggestive,1.0,11,suggestive,1.0,11,arbitrary,0.0,11,suggestive,1.0,11," arbitrary The term ""Public Eye"" may evoke visions of transparency or watchful protection, but it has no inherent connection to tabloid journalism. Like many arbitrary marks",0.0,36, descriptive,0.0,11, suggestive,1.0,11, descriptive,0.0,11, descriptive,0.0,11, descriptive,0.0,11, descriptive,0.0,11,arbitrary,0.0,11,descriptive,0.0,11, suggestive,1.0,11,suggestive,1.0,11,suggestive,1.0,11, fanciful,0.0,11,Type: suggestive,0.0,12,suggestive,1.0,11, suggestive,1.0,11, suggestive,1.0,11,0.5040069329937308,Low
65,id72,"Description: The mark ""Whirlpool"" for an oven.", suggestive,0.0,8,suggestive,0.0,8,suggestive,0.0,8,arbitrary,1.0,8, arbitrary,1.0,8,arbitrary,1.0,8, descriptive,0.0,8,suggestive,0.0,8, arbitrary ,1.0,8, suggestive,0.0,8,arbitrary,1.0,8,arbitrary,1.0,8,arbitrary,1.0,8, arbitrary,1.0,8, descriptive,0.0,8, suggestive,0.0,8, descriptive,0.0,8, descriptive,0.0,8, arbitrary,1.0,8, descriptive,0.0,8,arbitrary,1.0,8,suggestive,0.0,8, suggestive,0.0,8,suggestive,0.0,8,fanciful,0.0,8, arbitrary,1.0,8,Type: arbitrary,0.0,9,arbitrary,1.0,8, arbitrary,1.0,8, suggestive,0.0,8,0.5040069329937308,Low
52,id60,"Description: The mark ""Roach Motel"" for insect traps.", suggestive,1.0,9,suggestive,1.0,9,suggestive,1.0,9,arbitrary,0.0,9, suggestive,1.0,9,suggestive,1.0,9, descriptive,0.0,9,suggestive,1.0,9, arbitrary ,0.0,9, suggestive,1.0,9,fanciful,0.0,9,suggestive,1.0,9,suggestive,1.0,9, fanciful,0.0,9, arbitrary,0.0,9, suggestive,1.0,9, fanciful,0.0,9, descriptive,0.0,9, suggestive,1.0,9, descriptive,0.0,9,arbitrary,0.0,9,suggestive,1.0,9, suggestive,1.0,9,suggestive,1.0,9,fanciful,0.0,9, fanciful,0.0,9,Type: suggestive,0.0,10,suggestive,1.0,9, suggestive,1.0,9, suggestive,1.0,9,0.5040069329937308,Low
53,id61,"Description: The mark ""Orange Crush"" for fruit flavored soda.", suggestive,1.0,10,suggestive,1.0,10,descriptive,0.0,10,arbitrary,0.0,10," Description: The mark ""Orange Crush"" for fruit flavored soda.",0.0,18,suggestive,1.0,10, descriptive,0.0,10,arbitrary,0.0,10, suggestive,1.0,10, suggestive,1.0,10,fanciful,0.0,10,arbitrary,0.0,10,descriptive,0.0,10, descriptive,0.0,10, descriptive,0.0,10, suggestive,1.0,10, descriptive,0.0,10, descriptive,0.0,10, generic,0.0,10, descriptive,0.0,10,arbitrary,0.0,10,suggestive,1.0,10, suggestive,1.0,10,suggestive,1.0,10,suggestive,1.0,10, arbitrary,0.0,10,Type: arbitrary,0.0,11,suggestive,1.0,10, suggestive,1.0,10, suggestive,1.0,10,0.5040069329937308,Low
1,id11,"Description: The mark ""Gun"" for a firearm.", generic,1.0,8,generic,1.0,8,generic,1.0,8,arbitrary,0.0,8, generic,1.0,8,generic,1.0,8, arbitrary,0.0,8,generic,1.0,8, suggestive ,0.0,8, suggestive,0.0,8,generic,1.0,8,generic,1.0,8,generic,1.0,8, arbitrary,0.0,8, descriptive,0.0,8, generic,1.0,8, descriptive,0.0,8, descriptive,0.0,8, generic,1.0,8, arbitrary,0.0,8,arbitrary,0.0,8,generic,1.0,8, generic,1.0,8,descriptive,0.0,8,generic,1.0,8, arbitrary,0.0,8,generic,1.0,8,suggestive,0.0,8, generic,1.0,8, generic,1.0,8,0.5040069329937308,Low
7,id17,"Description: The mark ""Pen"" for writing implements which use ink.", generic,1.0,11,generic,1.0,11,generic,1.0,11,arbitrary,0.0,11, generic,1.0,11,generic,1.0,11, descriptive,0.0,11,generic,1.0,11, arbitrary ,0.0,11, suggestive,0.0,11,generic,1.0,11,generic,1.0,11,generic,1.0,11, generic,1.0,11, descriptive,0.0,11, generic,1.0,11, descriptive,0.0,11, descriptive,0.0,11, generic,1.0,11, descriptive,0.0,11,arbitrary,0.0,11,generic,1.0,11, generic,1.0,11,descriptive,0.0,11,generic,1.0,11, arbitrary,0.0,11,generic,1.0,11,descriptive,0.0,11, arbitrary,0.0,11, generic,1.0,11,0.5040069329937308,Low
6,id16,"Description: The mark ""Popcorn"" for microwavable snacks.", generic,1.0,8,generic,1.0,8,generic,1.0,8,arbitrary,0.0,8, generic,1.0,8,generic,1.0,8, descriptive,0.0,8,generic,1.0,8, suggestive,0.0,8, suggestive,0.0,8,generic,1.0,8,generic,1.0,8,generic,1.0,8, descriptive,0.0,8, descriptive,0.0,8, generic,1.0,8, descriptive,0.0,8, descriptive,0.0,8, generic,1.0,8, descriptive,0.0,8,generic,1.0,8,generic,1.0,8, generic,1.0,8,descriptive,0.0,8,generic,1.0,8, generic,1.0,8,Type: generic,0.0,9,descriptive,0.0,8, suggestive,0.0,8, generic,1.0,8,0.5040069329937308,Low
15,id25,"Description: The mark ""Trim"" for nail clippers.", suggestive,0.0,8,descriptive,1.0,8,descriptive,1.0,8,arbitrary,0.0,8, suggestive,0.0,8,descriptive,1.0,8, descriptive,1.0,8,suggestive,0.0,8, arbitrary ,0.0,8, suggestive,0.0,8,descriptive,1.0,8,descriptive,1.0,8,suggestive,0.0,8, descriptive,1.0,8, descriptive,1.0,8, descriptive,1.0,8, descriptive,1.0,8, descriptive,1.0,8, descriptive,1.0,8, descriptive,1.0,8,arbitrary,0.0,8,descriptive,1.0,8, suggestive,0.0,8,descriptive,1.0,8,descriptive,1.0,8, arbitrary,0.0,8,Type: descriptive,0.0,9,suggestive,0.0,8, suggestive,0.0,8, suggestive,0.0,8,0.507416263404925,Low
86,id91,"Description: The mark ""Imprion"" for a line of sports drinks.", fanciful,1.0,11,fanciful,1.0,11,fanciful,1.0,11,arbitrary,0.0,11, fanciful,1.0,11,arbitrary,0.0,11, descriptive,0.0,11,fanciful,1.0,11, arbitrary ,0.0,11, suggestive,0.0,11,fanciful,1.0,11,arbitrary,0.0,11,fanciful,1.0,11, fanciful,1.0,11, arbitrary,0.0,11, fanciful,1.0,11, fanciful,1.0,11, suggestive,0.0,11, arbitrary,0.0,11, descriptive,0.0,11,arbitrary,0.0,11,fanciful,1.0,11, fanciful,1.0,11,arbitrary,0.0,11,fanciful,1.0,11, arbitrary,0.0,11,fanciful,1.0,11,fanciful,1.0,11, arbitrary,0.0,11, fanciful,1.0,11,0.507416263404925,Low
29,id39,"Description: The mark ""QuickClean"" for towels.", suggestive,0.0,7,descriptive,1.0,7,descriptive,1.0,7,descriptive,1.0,7, suggestive,0.0,7,arbitrary,0.0,7, descriptive,1.0,7,suggestive,0.0,7, suggestive ,0.0,7, suggestive,0.0,7,descriptive,1.0,7,descriptive,1.0,7,suggestive,0.0,7, descriptive,1.0,7, descriptive,1.0,7, suggestive,0.0,7, descriptive,1.0,7, descriptive,1.0,7, arbitrary,0.0,7, descriptive,1.0,7,arbitrary,0.0,7,descriptive,1.0,7, suggestive,0.0,7,descriptive,1.0,7,descriptive,1.0,7, arbitrary,0.0,7,Type: descriptive,0.0,8,suggestive,0.0,7, suggestive,0.0,7, suggestive,0.0,7,0.507416263404925,Low
68,id75,"Description: The mark ""Sahara"" for an ice cream seller.", suggestive,0.0,10,arbitrary,1.0,10,descriptive,0.0,10,arbitrary,1.0,10, arbitrary,1.0,10,suggestive,0.0,10, descriptive,0.0,10,arbitrary,1.0,10, suggestive,0.0,10, suggestive,0.0,10,arbitrary,1.0,10,arbitrary,1.0,10,arbitrary,1.0,10, arbitrary,1.0,10, descriptive,0.0,10, arbitrary,1.0,10, descriptive,0.0,10, descriptive,0.0,10, descriptive,0.0,10, descriptive,0.0,10,arbitrary,1.0,10,arbitrary,1.0,10, arbitrary,1.0,10,fanciful,0.0,10,fanciful,0.0,10, arbitrary,1.0,10,Type: arbitrary,0.0,11,suggestive,0.0,10, suggestive,0.0,10, arbitrary,1.0,10,0.507416263404925,Low
51,id6,"Description: The mark ""Aspirin"" for inflammation medicine.", generic,1.0,8,generic,1.0,8,generic,1.0,8,arbitrary,0.0,8, generic,1.0,8,generic,1.0,8, descriptive,0.0,8,generic,1.0,8, arbitrary ,0.0,8, suggestive,0.0,8,generic,1.0,8,generic,1.0,8,generic,1.0,8, generic,1.0,8, descriptive,0.0,8, arbitrary,0.0,8, descriptive,0.0,8, descriptive,0.0,8, generic,1.0,8, descriptive,0.0,8,generic,1.0,8,arbitrary,0.0,8, arbitrary,0.0,8,generic,1.0,8,generic,1.0,8, generic,1.0,8,Type: generic,0.0,9,arbitrary,0.0,8, generic,1.0,8, arbitrary,0.0,8,0.507416263404925,Low
78,id84,"Description: The mark ""Wohold"" for gasoline.", fanciful,1.0,7,fanciful,1.0,7,fanciful,1.0,7,arbitrary,0.0,7, fanciful,1.0,7,generic,0.0,7, descriptive,0.0,7,fanciful,1.0,7, arbitrary ,0.0,7, suggestive,0.0,7,fanciful,1.0,7,arbitrary,0.0,7,fanciful,1.0,7, fanciful,1.0,7, descriptive,0.0,7, fanciful,1.0,7, fanciful,1.0,7, descriptive,0.0,7, generic,0.0,7, descriptive,0.0,7,arbitrary,0.0,7,fanciful,1.0,7, fanciful,1.0,7,descriptive,0.0,7,fanciful,1.0,7, arbitrary,0.0,7,Type: fanciful,0.0,8,fanciful,1.0,7, generic,0.0,7, fanciful,1.0,7,0.5085476277156078,Low
37,id47,"Description: The mark ""Old Crow"" for whiskey.", fanciful,0.0,8,arbitrary,1.0,8,arbitrary,1.0,8,arbitrary,1.0,8, fanciful,0.0,8,suggestive,0.0,8, descriptive,0.0,8,arbitrary,1.0,8, suggestive. ,0.0,8, arbitrary,1.0,8,fanciful,0.0,8,arbitrary,1.0,8,arbitrary,1.0,8, arbitrary,1.0,8, descriptive,0.0,8, arbitrary,1.0,8, arbitrary,1.0,8, descriptive,0.0,8, generic,0.0,8, descriptive,0.0,8,arbitrary,1.0,8,arbitrary,1.0,8, arbitrary,1.0,8,suggestive,0.0,8,fanciful,0.0,8, fanciful,0.0,8,Type: arbitrary,0.0,9,arbitrary,1.0,8, generic,0.0,8, arbitrary,1.0,8,0.5085476277156078,Low
22,id32,"Description: The mark ""Smooth"" for keyboards.", descriptive,1.0,7,descriptive,1.0,7,descriptive,1.0,7,arbitrary,0.0,7," Description: The mark ""Smooth"" for keyboards.",0.0,12,suggestive,0.0,7, descriptive,1.0,7,suggestive,0.0,7, arbitrary ,0.0,7, suggestive,0.0,7,descriptive,1.0,7,descriptive,1.0,7,descriptive,1.0,7, descriptive,1.0,7, descriptive,1.0,7, suggestive,0.0,7, descriptive,1.0,7, descriptive,1.0,7, descriptive,1.0,7, descriptive,1.0,7,arbitrary,0.0,7,descriptive,1.0,7, suggestive,0.0,7,suggestive,0.0,7,descriptive,1.0,7, arbitrary,0.0,7,Type: suggestive,0.0,8,suggestive,0.0,7, suggestive,0.0,7, suggestive,0.0,7,0.5085476277156078,Low
23,id33,"Description: The mark ""Bright"" for desk lamps.", descriptive,1.0,8,descriptive,1.0,8,descriptive,1.0,8,arbitrary,0.0,8, suggestive,0.0,8,arbitrary,0.0,8, descriptive,1.0,8,suggestive,0.0,8, suggestive ,0.0,8, suggestive,0.0,8,descriptive,1.0,8,descriptive,1.0,8,descriptive,1.0,8, descriptive,1.0,8, descriptive,1.0,8, descriptive,1.0,8, descriptive,1.0,8, descriptive,1.0,8, arbitrary,0.0,8, descriptive,1.0,8,arbitrary,0.0,8,descriptive,1.0,8, suggestive,0.0,8,suggestive,0.0,8,descriptive,1.0,8, arbitrary,0.0,8,Type: descriptive,0.0,9,suggestive,0.0,8, suggestive,0.0,8, suggestive,0.0,8,0.5085476277156078,Low
